Precious Achiuwa	SF	6-8	243	24	NYK, TOR	74	3	Memphis	2020 Rnd 1 Pick 20	Nigeria
Bam Adebayo	C	6-9	255	26	MIA	71	6	Kentucky	2017 Rnd 1 Pick 14	United States
Ochai Agbaji	SF	6-5	215	23	TOR, UTH	78	1	Kansas	2022 Rnd 1 Pick 14	United States
Santi Aldama	C	7-0	215	23	MEM	61	2	Loyola (MD)	2021 Rnd 1 Pick 30	Spain
Nickeil Alexander-Walker	SG	6-5	205	25	MIN	82	4	Virginia Tech	2019 Rnd 1 Pick 17	Canada
Grayson Allen	SG	6-4	198	28	PHX	75	5	Duke	2018 Rnd 1 Pick 21	United States
Jarrett Allen	C	6-9	243	25	CLE	77	6	Texas	2017 Rnd 1 Pick 22	United States
Timmy Allen	SF	6-6	210	24	MEM	5	0	Texas	2023 NBA Draft, Undrafted	United States
Jose Alvarado	G	6-0	179	25	NOP	56	2	Georgia Tech	2021 NBA Draft, Undrafted	United States
Kyle Anderson	PF	6-9	230	30	MIN	79	9	UCLA	2014 Rnd 1 Pick 30	United States
Giannis Antetokounmpo	F	6-11	243	29	MIL	73	10	Filathlitikos Div II Greece (Greece)	2013 Rnd 1 Pick 15	Greece
Thanasis Antetokounmpo	SF	6-7	219	31	MIL	34	5	Delaware 87ers	2014 Rnd 2 Pick 21	Greece
Cole Anthony	PG	6-2	185	23	ORL	81	3	North Carolina	2020 Rnd 1 Pick 15	United States
OG Anunoby	SF	6-7	240	26	NYK, TOR	50	6	Indiana	2017 Rnd 1 Pick 23	England
Ryan Arcidiacono	G	6-3	195	29	NYK	20	6	Villanova	2016 NBA Draft, Undrafted	United States
Deni Avdija	SG	6-9	210	23	WAS	75	3	Maccabi Tel Aviv U18 (Israel)	2020 Rnd 1 Pick 9	Israel
Deandre Ayton	C	7-0	247	25	POR	55	5	Arizona	2018 Rnd 1 Pick 1	Bahamas
Udoka Azubuike	C	6-11	270	24	PHX	16	3	Kansas	2020 Rnd 1 Pick 27	Nigeria
Ibou Badji	C	7-0	237	21	POR	22	1	Forca Lleida CE (Spain)	2022 NBA Draft, Undrafted	Senegal
Marvin Bagley III	PF	6-10	235	24	DET, WAS	50	5	Duke	2018 Rnd 1 Pick 2	United States
Amari Bailey	G	6-3	185	20	CHA	10	0	UCLA	2023 Rnd 2 Pick 11	United States
Patrick Baldwin Jr.	SG	6-9	220	21	WAS	38	1	Milwaukee	2022 Rnd 1 Pick 28	United States
LaMelo Ball	G	6-7	180	22	CHA	22	3	Illawarra (Australia)	2020 Rnd 1 Pick 3	United States
Mo Bamba	C	7-0	231	25	PHI	57	5	Texas	2018 Rnd 1 Pick 6	United States
Paolo Banchero	C	6-10	250	21	ORL	80	1	Duke	2022 Rnd 1 Pick 1	United States
Desmond Bane	SG	6-5	215	25	MEM	42	3	TCU	2020 Rnd 1 Pick 30	United States
Dalano Banton	PG	6-8	204	24	BOS, POR	54	2	Nebraska	2021 Rnd 2 Pick 16	Canada
Dominick Barlow	F	6-9	215	20	SAS	33	1	Overtime Elite (Georgia)	2022 NBA Draft, Undrafted	United States
Harrison Barnes	SF	6-8	225	31	SAC	82	11	North Carolina	2012 Rnd 1 Pick 7	United States
Scottie Barnes	SF	6-7	237	22	TOR	60	2	Florida State	2021 Rnd 1 Pick 4	United States
RJ Barrett	SG	6-6	214	23	NYK, TOR	58	4	Duke	2019 Rnd 1 Pick 3	Canada
Charles Bassey	PF	6-10	230	23	SAS	19	2	Western Kentucky	2021 Rnd 2 Pick 23	Nigeria
Emoni Bates	SF	6-9	190	20	CLE	15	0	Eastern Michigan	2023 Rnd 2 Pick 19	United States
Keita Bates-Diop	SF	6-8	229	28	BRK, PHX	53	5	Ohio State	2018 Rnd 2 Pick 18	United States
Nicolas Batum	F	6-8	230	35	LAC, PHL	60	15	Le Mans Sarthe Basket (France)	2008 Rnd 1 Pick 25	France
Darius Bazley	PF	6-8	208	23	PHL, UTH	9	4	 	2019 Rnd 1 Pick 23	United States
Bradley Beal	SG	6-4	207	30	PHX	53	11	Florida	2012 Rnd 1 Pick 3	United States
Malik Beasley	SG	6-4	187	27	MIL	79	7	Florida State	2016 Rnd 1 Pick 19	United States
MarJon Beauchamp	SG	6-7	202	23	MIL	48	1	NBA G League Ignite	2022 Rnd 1 Pick 24	United States
Jules Bernard	SG	6-6	205	24	WAS	19	0	UCLA	2022 NBA Draft, Undrafted	United States
Davis Bertans	SF	6-10	225	31	CHA, OKC	43	7	Union Olimpija (Slovenia)	2011 Rnd 2 Pick 12	Latvia
Patrick Beverley	PG	6-2	180	35	MIL, PHL	73	11	Dnipro Dnipropetrovsk (Ukraine)	2009 Rnd 2 Pick 12	United States
Saddiq Bey	F	6-7	215	24	ATL	63	3	Villanova	2020 Rnd 1 Pick 19	United States
Goga Bitadze	C	6-10	250	24	ORL	62	4	KK Mega Bemax (Serbia)	2019 Rnd 1 Pick 18	Georgia
Onuralp Bitim	SG	6-6	215	24	CHI	23	0	Pinar Karsiyaka (Turkey)	2021 NBA Draft, Undrafted	Turkey
Bismack Biyombo	PF	6-8	255	31	MEM, OKC	40	12	Urbas Fuenlabrada (Spain)	2011 Rnd 1 Pick 7	Democratic Republic of the Congo
Anthony Black	G	6-7	200	20	ORL	69	0	Arkansas	2023 Rnd 1 Pick 6	United States
Leaky Black	SF	6-7	205	24	CHA	26	0	North Carolina	2023 NBA Draft, Undrafted	United States
Buddy Boeheim	SG	6-6	205	24	DET	10	1	Syracuse	2022 NBA Draft, Undrafted	United States
Bogdan Bogdanovic	SG	6-5	225	31	ATL	79	6	KK Partizan (Serbia)	2014 Rnd 1 Pick 27	Serbia
Bojan Bogdanovic	F	6-7	226	34	DET, NYK	57	9	KK Cibona (Croatia)	2011 Rnd 2 Pick 1	Bosnia and Herzegovina
Bol Bol	C	7-3	220	24	PHX	43	4	Oregon	2019 Rnd 2 Pick 14	United States
Marques Bolden	C	6-10	249	25	CHA, MIL	11	2	Duke	2019 NBA Draft, Undrafted	United States
Devin Booker	SG	6-6	206	27	PHX	68	8	Kentucky	2015 Rnd 1 Pick 13	United States
Brandon Boston Jr.	SG	6-6	188	22	LAC	32	2	Kentucky	2021 Rnd 2 Pick 21	United States
Chris Boucher	PF	6-9	200	31	TOR	50	6	Oregon	2017 NBA Draft, Undrafted	Saint Lucia
James Bouknight	G	6-4	190	23	CHA	14	2	UConn	2021 Rnd 1 Pick 11	United States
Jamaree Bouyea	G	6-2	180	24	POR, SAN	9	1	San Francisco	2022 NBA Draft, Undrafted	United States
Malaki Branham	GF	6-4	180	20	SAS	75	1	Ohio State	2022 Rnd 1 Pick 20	United States
Christian Braun	SF	6-6	220	22	DEN	82	1	Kansas	2022 Rnd 1 Pick 21	United States
Mikal Bridges	SG	6-6	209	27	BRK	82	5	Villanova	2018 Rnd 1 Pick 10	United States
Miles Bridges	SF	6-7	225	25	CHA	69	4	Michigan State	2018 Rnd 1 Pick 12	United States
Oshae Brissett	PF	6-7	210	25	BOS	55	4	Syracuse	2019 NBA Draft, Undrafted	Canada
Izaiah Brockington	G	6-4	200	24	NOP	1	0	Iowa State	2022 NBA Draft, Undrafted	United States
Malcolm Brogdon	SG	6-4	229	31	POR	39	7	Virginia	2016 Rnd 2 Pick 6	United States
Armoni Brooks	SG	6-3	195	25	BRK	10	2	Houston	2019 NBA Draft, Undrafted	United States
Dillon Brooks	F	6-6	225	28	HOU	72	6	Oregon	2017 Rnd 2 Pick 15	Canada
Greg Brown III	SF	6-7	206	22	DAL	6	2	Texas	2021 Rnd 2 Pick 13	United States
Jaylen Brown	SF	6-6	223	27	BOS	70	7	California	2016 Rnd 1 Pick 3	United States
Bruce Brown	SG	6-4	202	27	IND, TOR	67	5	Miami (FL)	2018 Rnd 2 Pick 12	United States
Charlie Brown Jr.	SG	6-6	199	27	NYK	8	3	Saint Joseph's	2019 NBA Draft, Undrafted	United States
Troy Brown Jr.	SF	6-7	215	24	DET, MIN	59	5	Oregon	2018 Rnd 1 Pick 15	United States
Kendall Brown	G	6-7	205	20	IND	15	1	Baylor	2022 Rnd 2 Pick 18	United States
Kobe Brown	GF	6-7	250	24	LAC	44	0	Missouri	2023 Rnd 1 Pick 30	United States
Moses Brown	C	7-2	258	24	POR	22	4	UCLA	2019 NBA Draft, Undrafted	United States
Jalen Brunson	PG	6-2	190	27	NYK	77	5	Villanova	2018 Rnd 2 Pick 3	United States
Thomas Bryant	C	6-10	248	26	MIA	38	6	Indiana	2017 Rnd 2 Pick 12	United States
Kobe Bufkin	G	6-4	195	20	ATL	17	0	Michigan	2023 Rnd 1 Pick 15	United States
Reggie Bullock	SG	6-6	205	32	HOU	44	10	North Carolina	2013 Rnd 1 Pick 25	United States
Alec Burks	SG	6-5	214	32	DET, NYK	66	12	Colorado	2011 Rnd 1 Pick 12	United States
Jared Butler	PG	6-3	193	23	WAS	40	2	Baylor	2021 Rnd 2 Pick 10	United States
Jimmy Butler	GF	6-7	230	34	MIA	60	12	Marquette	2011 Rnd 1 Pick 30	United States
Jamal Cain	F	6-6	191	24	MIA	26	1	Oakland	2022 NBA Draft, Undrafted	United States
Kentavious Caldwell-Pope	SG	6-5	204	31	DEN	76	10	Georgia	2013 Rnd 1 Pick 8	United States
Toumani Camara	SF	6-7	226	23	POR	70	0	Dayton	2023 Rnd 2 Pick 22	Belgium
Clint Capela	PF	6-10	256	29	ATL	73	9	Chalon-Sur-Saone (France)	2014 Rnd 1 Pick 25	Switzerland
Jevon Carter	PG	6-1	200	28	CHI	72	5	West Virginia	2018 Rnd 2 Pick 2	United States
Wendell Carter Jr.	PF	6-10	270	24	ORL	55	5	Duke	2018 Rnd 1 Pick 7	United States
D.J. Carton	PG	6-3	200	23	TOR	4	0	Marquette	2021 NBA Draft, Undrafted	United States
Alex Caruso	G	6-5	186	30	CHI	71	6	Texas A&M	2016 NBA Draft, Undrafted	United States
Colin Castleton	PF	6-10	250	23	LAL	16	0	Florida	2023 NBA Draft, Undrafted	United States
Malcolm Cazalon	G	6-6	185	22	DET	1	0	KK Mega Bemax (Serbia)	2023 NBA Draft, Undrafted	France
Julian Champagnie	F	6-7	217	22	SAS	74	1	St. John's	2022 NBA Draft, Undrafted	United States
Justin Champagnie	F	6-6	206	22	WAS	15	2	Pittsburgh	2021 NBA Draft, Undrafted	United States
Max Christie	F	6-5	190	21	LAL	67	1	Michigan State	2022 Rnd 2 Pick 5	United States
Sidy Cissoko	GF	6-6	200	19	SAS	12	0	NBA G League Ignite	2023 Rnd 2 Pick 14	France
Brandon Clarke	PF	6-8	215	27	MEM	6	4	Gonzaga	2019 Rnd 1 Pick 21	Canada
Jordan Clarkson	G	6-3	194	31	UTA	55	9	Missouri	2014 Rnd 2 Pick 16	United States
Nic Claxton	C	6-11	215	24	BRK	71	4	Georgia	2019 Rnd 2 Pick 1	United States
Noah Clowney	F	6-9	220	19	BRK	23	0	Alabama	2023 Rnd 1 Pick 21	United States
Amir Coffey	SF	6-7	210	26	LAC	70	4	Minnesota	2019 NBA Draft, Undrafted	United States
John Collins	PF	6-9	226	26	UTA	68	6	Wake Forest	2017 Rnd 1 Pick 19	United States
Zach Collins	C	6-11	250	26	SAS	69	6	Gonzaga	2017 Rnd 1 Pick 10	United States
Mike Conley	PG	6-0	175	36	MIN	76	16	Ohio State	2007 Rnd 1 Pick 4	United States
Pat Connaughton	SF	6-5	209	31	MIL	76	8	Notre Dame	2015 Rnd 2 Pick 11	United States
Bilal Coulibaly	GF	6-8	195	19	WAS	63	0	Boulogne-Levallois (France)	2023 Rnd 1 Pick 7	France
Ricky Council IV	G	6-6	207	22	PHI	32	0	Arkansas	2023 NBA Draft, Undrafted	United States
Robert Covington	F	6-7	209	33	LAC, PHL	29	10	Tennessee State	2013 NBA Draft, Undrafted	United States
Torrey Craig	GF	6-5	221	33	CHI	53	6	USC Upstate	2014 NBA Draft, Undrafted	United States
Jae Crowder	SF	6-6	235	33	MIL	50	11	Marquette	2012 Rnd 2 Pick 4	United States
Jalen Crutcher	G	6-2	175	24	NOP	1	0	Dayton	2021 NBA Draft, Undrafted	United States
Cade Cunningham	SF	6-6	220	22	DET	62	2	Oklahoma State	2021 Rnd 1 Pick 1	United States
Seth Curry	G	6-1	185	33	CHA, DAL	44	10	Duke	2013 NBA Draft, Undrafted	United States
Stephen Curry	G	6-2	185	35	GSW	74	14	Davidson	2009 Rnd 1 Pick 7	United States
Dyson Daniels	GF	6-7	199	20	NOP	61	1	NBA G League Ignite	2022 Rnd 1 Pick 8	Australia
Anthony Davis	PF	6-10	253	30	LAL	76	11	Kentucky	2012 Rnd 1 Pick 1	United States
Johnny Davis	F	6-5	195	22	WAS	50	1	Wisconsin	2022 Rnd 1 Pick 10	United States
JD Davison	F	6-3	195	21	BOS	8	1	Alabama	2022 Rnd 2 Pick 23	United States
DeMar DeRozan	GF	6-6	220	34	CHI	79	14	USC	2009 Rnd 1 Pick 9	United States
Dexter Dennis	GF	6-5	210	25	DAL	4	0	Texas A&M	2023 NBA Draft, Undrafted	United States
Donte DiVincenzo	SG	6-4	203	27	NYK	81	5	Villanova	2018 Rnd 1 Pick 17	United States
Moussa Diabate	PF	6-9	210	22	LAC	11	1	Michigan	2022 Rnd 2 Pick 13	France
Mamadi Diakite	PF	6-9	228	27	NYK, SAN	6	3	Virginia	2020 NBA Draft, Undrafted	Guinea
Hamidou Diallo	SG	6-5	202	25	WAS	2	5	Kentucky	2018 Rnd 2 Pick 15	United States
Gradey Dick	GF	6-7	200	20	TOR	60	0	Kansas	2023 Rnd 1 Pick 13	United States
Ousmane Dieng	SG	6-10	225	20	OKC	33	1	New Zealand (New Zealand)	2022 Rnd 1 Pick 11	France
Spencer Dinwiddie	PG	6-5	215	30	BRK, LAL	76	9	Colorado	2014 Rnd 2 Pick 8	United States
Luka Doncic	SF	6-7	230	25	DAL	70	5	Real Madrid (Spain)	2018 Rnd 1 Pick 3	Slovenia
Luguentz Dort	PG	6-4	220	24	OKC	79	4	Arizona State	2019 NBA Draft, Undrafted	Canada
Ayo Dosunmu	PG	6-5	200	24	CHI	76	2	Illinois	2021 Rnd 2 Pick 8	United States
Jeff Dowtin	PG	6-3	177	26	PHI	12	2	Rhode Island	2020 NBA Draft, Undrafted	United States
Henri Drell	SF	6-9	215	23	CHI	4	0	Windy City Bulls	2022 NBA Draft, Undrafted	Estonia
Andre Drummond	C	6-11	279	30	CHI	79	11	UConn	2012 Rnd 1 Pick 9	United States
Chris Duarte	PG	6-5	190	26	SAC	59	2	Oregon	2021 Rnd 1 Pick 13	Canada
David Duke Jr.	SG	6-4	204	24	SAS	4	2	Providence	2021 NBA Draft, Undrafted	United States
Kris Dunn	SG	6-3	205	29	UTA	66	7	Providence	2016 Rnd 1 Pick 5	United States
Kevin Durant	SF	6-11	240	35	PHX	75	16	Texas	2007 Rnd 1 Pick 2	United States
Jalen Duren	PF	6-10	250	20	DET	61	1	Memphis	2022 Rnd 1 Pick 13	United States
Tari Eason	F	6-8	215	22	HOU	22	1	LSU	2022 Rnd 1 Pick 17	United States
Anthony Edwards	SF	6-4	225	22	MIN	79	3	Georgia	2020 Rnd 1 Pick 1	United States
Kessler Edwards	SG	6-7	203	23	SAC	54	2	Pepperdine	2021 Rnd 2 Pick 14	United States
Keon Ellis	F	6-5	175	24	SAC	57	1	Alabama	2022 NBA Draft, Undrafted	United States
Joel Embiid	C	7-0	280	29	PHI	39	9	Kansas	2014 Rnd 1 Pick 3	Cameroon
Drew Eubanks	C	6-10	245	27	PHX	75	5	Oregon State	2018 NBA Draft, Undrafted	United States
Tosan Evbuomwan	SF	6-7	217	23	DET, MEM	17	0	Princeton	2023 NBA Draft, Undrafted	England
Dante Exum	PG	6-5	214	28	DAL	55	7	Australian Institute of Sport (Australian Capital Territory)	2014 Rnd 1 Pick 5	Australia
Bruno Fernando	C	6-9	240	25	ATL	45	4	Maryland	2019 Rnd 2 Pick 4	Angola
Dorian Finney-Smith	SF	6-7	220	30	BRK	68	7	Florida	2016 NBA Draft, Undrafted	United States
Adam Flagler	G	6-3	195	24	OKC	2	0	Baylor	2023 NBA Draft, Undrafted	United States
Malachi Flynn	PG	6-1	185	25	DET, NYK, TOR	69	3	San Diego State	2020 Rnd 1 Pick 29	United States
Simone Fontecchio	SF	6-7	209	28	DET, UTH	66	1	AX Armani Exchange Milan (Italy)	2017 NBA Draft, Undrafted	Italy
Jordan Ford	PG	6-1	175	25	SAC	6	0	Saint Mary's	2020 NBA Draft, Undrafted	United States
Trent Forrest	SG	6-4	210	25	ATL	38	3	Florida State	2020 NBA Draft, Undrafted	United States
Evan Fournier	SG	6-6	205	31	DET, NYK	32	11	Poitiers Basket 86 (France)	2012 Rnd 1 Pick 20	France
De'Aaron Fox	PG	6-3	185	26	SAC	74	6	Kentucky	2017 Rnd 1 Pick 5	United States
Javon Freeman-Liberty	G	6-3	189	24	TOR	22	0	DePaul	2022 NBA Draft, Undrafted	United States
Alex Fudge	F	6-8	200	20	DAL, LAL	6	0	Florida	2023 NBA Draft, Undrafted	United States
Markelle Fultz	PG	6-4	209	25	ORL	43	6	Washington	2017 Rnd 1 Pick 1	United States
Andrew Funk	SG	6-5	200	24	CHI	5	0	Penn State	2023 NBA Draft, Undrafted	United States
Wenyen Gabriel	PF	6-9	205	26	MEM	5	5	Kentucky	2018 NBA Draft, Undrafted	South Sudan
Daniel Gafford	C	6-10	234	25	DAL, WAS	74	4	Arkansas	2019 Rnd 2 Pick 8	United States
Danilo Gallinari	SF	6-10	236	35	DET, MIL, WAS	49	15	AX Armani Exchange Milan (Italy)	2008 Rnd 1 Pick 6	Italy
Darius Garland	G	6-1	192	24	CLE	57	4	Vanderbilt	2019 Rnd 1 Pick 5	United States
Usman Garuba	C	6-8	229	21	GSW	6	2	Real Madrid (Spain)	2021 Rnd 1 Pick 23	Spain
Luka Garza	C	6-10	243	25	MIN	25	2	Iowa	2021 Rnd 2 Pick 22	United States
Kaiser Gates	SF	6-8	217	27	NOP	1	0	Xavier	2018 NBA Draft, Undrafted	United States
Keyonte George	G	6-4	185	20	UTA	75	0	Baylor	2023 Rnd 1 Pick 16	United States
Paul George	GF	6-8	220	33	LAC	74	13	Fresno State	2010 Rnd 1 Pick 10	United States
Taj Gibson	F	6-9	232	38	DET, NYK	20	14	USC	2009 Rnd 1 Pick 26	United States
Josh Giddey	G	6-8	216	21	OKC	80	2	Adelaide (Australia)	2021 Rnd 1 Pick 6	Australia
Harry Giles	PF	6-10	240	25	BRK, LAL	23	4	Duke	2017 Rnd 1 Pick 20	United States
Shai Gilgeous-Alexander	PG	6-6	195	25	OKC	75	5	Kentucky	2018 Rnd 1 Pick 11	Canada
Anthony Gill	PF	6-8	230	31	WAS	50	3	Virginia	2016 NBA Draft, Undrafted	United States
Collin Gillespie	PG	6-1	195	24	DEN	24	1	Villanova	2022 NBA Draft, Undrafted	United States
Jacob Gilyard	PG	5-9	160	25	BRK, MEM	41	1	Richmond	2022 NBA Draft, Undrafted	United States
Rudy Gobert	C	7-1	258	31	MIN	76	10	Cholet Basket (France)	2013 Rnd 1 Pick 27	France
Jordan Goodwin	SG	6-4	200	25	MEM, PHX	57	2	Saint Louis	2021 NBA Draft, Undrafted	United States
Aaron Gordon	F	6-8	235	28	DEN	73	9	Arizona	2014 Rnd 1 Pick 4	United States
Eric Gordon	G	6-3	215	35	PHX	68	15	Indiana	2008 Rnd 1 Pick 7	United States
Devonte' Graham	PG	6-1	195	29	SAS	23	5	Kansas	2018 Rnd 2 Pick 4	United States
Jerami Grant	F	6-7	210	29	POR	54	9	Syracuse	2014 Rnd 2 Pick 9	United States
RaiQuan Gray	PF	6-7	269	24	SAS	3	1	Florida State	2021 Rnd 2 Pick 29	United States
A.J. Green	PG	6-4	190	24	MIL	56	1	Northern Iowa	2022 NBA Draft, Undrafted	United States
Danny Green	SF	6-6	215	36	PHI	2	14	North Carolina	2009 Rnd 2 Pick 16	United States
Draymond Green	F	6-6	230	33	GSW	55	11	Michigan State	2012 Rnd 2 Pick 5	United States
Jalen Green	SG	6-4	186	22	HOU	82	2	NBA G League Ignite	2021 Rnd 1 Pick 2	United States
Javonte Green	G	6-5	205	30	CHI	9	4	Radford	2015 NBA Draft, Undrafted	United States
Jeff Green	F	6-8	235	37	HOU	78	15	Georgetown	2007 Rnd 1 Pick 5	United States
Josh Green	SG	6-5	200	23	DAL	57	3	Arizona	2020 Rnd 1 Pick 18	United States
AJ Griffin	SG	6-6	222	20	ATL	20	1	Duke	2022 Rnd 1 Pick 16	United States
Quentin Grimes	SG	6-5	210	23	DET, NYK	51	2	Houston	2021 Rnd 1 Pick 25	United States
Mouhamadou Gueye	F	6-9	210	25	TOR	11	0	Pittsburgh	2022 NBA Draft, Undrafted	United States
Mouhamed Gueye	F	6-11	210	21	ATL	6	0	Washington State	2023 Rnd 2 Pick 9	Senegal
Rui Hachimura	F	6-8	230	26	LAL	68	4	Gonzaga	2019 Rnd 1 Pick 9	Japan
Ashton Hagans	PG	6-3	190	24	POR	19	1	Kentucky	2020 NBA Draft, Undrafted	United States
Tyrese Haliburton	PG	6-5	185	24	IND	69	3	Iowa State	2020 Rnd 1 Pick 12	United States
R.J. Hampton	G	6-4	175	23	MIA	8	3	New Zealand (New Zealand)	2020 Rnd 1 Pick 24	United States
Tim Hardaway Jr.	SG	6-5	205	31	DAL	79	10	Michigan	2013 Rnd 1 Pick 24	United States
James Harden	SG	6-5	220	34	LAC	72	14	Arizona State	2009 Rnd 1 Pick 3	United States
Jaden Hardy	SG	6-3	198	21	DAL	73	1	NBA G League Ignite	2022 Rnd 2 Pick 7	United States
Ron Harper Jr.	G	6-6	238	23	TOR	1	1	Rutgers	2022 NBA Draft, Undrafted	United States
Gary Harris	SG	6-4	210	29	ORL	54	9	Michigan State	2014 Rnd 1 Pick 19	United States
Joe Harris	SG	6-6	220	32	DET	16	9	Virginia	2014 Rnd 2 Pick 3	United States
Kevon Harris	SF	6-5	216	26	ORL	2	1	Stephen F. Austin	2020 NBA Draft, Undrafted	United States
Tobias Harris	F	6-8	226	31	PHI	70	12	Tennessee	2011 Rnd 1 Pick 19	United States
Shaquille Harrison	G	6-4	195	30	MEM	3	6	Tulsa	2016 NBA Draft, Undrafted	United States
Josh Hart	SG	6-4	215	28	NYK	81	6	Villanova	2017 Rnd 1 Pick 30	United States
Isaiah Hartenstein	PF	7-0	250	25	NYK	75	5	Zalgiris (Lithuania)	2017 Rnd 2 Pick 13	United States
Sam Hauser	SF	6-7	217	26	BOS	79	2	Virginia	2021 NBA Draft, Undrafted	United States
Jordan Hawkins	G	6-5	195	21	NOP	67	0	UConn	2023 Rnd 1 Pick 14	United States
Jaxson Hayes	PF	7-0	220	23	LAL	70	4	Texas	2019 Rnd 1 Pick 8	United States
Killian Hayes	G	6-5	195	22	DET	42	3	Ratiopharm Ulm (Germany)	2020 Rnd 1 Pick 7	France
Gordon Hayward	GF	6-7	225	33	CHA, OKC	51	13	Butler	2010 Rnd 1 Pick 9	United States
Scoot Henderson	G	6-3	202	20	POR	62	0	NBA G League Ignite	2023 Rnd 1 Pick 3	United States
Taylor Hendricks	F	6-9	210	20	UTA	40	0	UCF	2023 Rnd 1 Pick 9	United States
Tyler Herro	SG	6-5	195	24	MIA	42	4	Kentucky	2019 Rnd 1 Pick 13	United States
Buddy Hield	G	6-4	220	31	IND, PHL	84	7	Oklahoma	2016 Rnd 1 Pick 6	Bahamas
Haywood Highsmith	F	6-5	220	27	MIA	66	3	Wheeling Jesuit	2018 NBA Draft, Undrafted	United States
Nate Hinton	SF	6-5	210	24	HOU	15	2	Houston	2020 NBA Draft, Undrafted	United States
D'Moi Hodge	F	6-4	180	25	LAL	7	0	Missouri	2023 NBA Draft, Undrafted	U.S. Virgin Islands
Aaron Holiday	PG	6-0	185	27	HOU	78	5	UCLA	2018 Rnd 1 Pick 23	United States
Jrue Holiday	G	6-4	205	33	BOS	69	14	UCLA	2009 Rnd 1 Pick 17	United States
Justin Holiday	SF	6-6	180	34	DEN	58	10	Washington	2011 NBA Draft, Undrafted	United States
Richaun Holmes	F	6-9	235	30	DAL, WAS	40	8	Bowling Green	2015 Rnd 2 Pick 7	United States
Chet Holmgren	C	7-1	208	21	OKC	82	1	Gonzaga	2022 Rnd 1 Pick 2	United States
Jalen Hood-Schifino	PG	6-5	215	20	LAL	21	0	Indiana	2023 Rnd 1 Pick 17	United States
Al Horford	FC	6-9	240	37	BOS	65	16	Florida	2007 Rnd 1 Pick 3	Dominican Republic
Talen Horton-Tucker	SF	6-4	234	23	UTA	51	4	Iowa State	2019 Rnd 2 Pick 16	United States
Danuel House Jr.	F	6-6	220	30	PHI	34	7	Texas A&M	2016 NBA Draft, Undrafted	United States
Caleb Houstan	SF	6-8	205	21	ORL	59	1	Michigan	2022 Rnd 2 Pick 2	Canada
Jett Howard	GF	6-8	215	20	ORL	18	0	Michigan	2023 Rnd 1 Pick 11	United States
Kevin Huerter	SF	6-7	198	25	SAC	64	5	Maryland	2018 Rnd 1 Pick 19	United States
Jay Huff	C	7-1	240	26	DEN	20	2	Virginia	2021 NBA Draft, Undrafted	United States
De'Andre Hunter	PF	6-8	221	26	ATL	57	4	Virginia	2019 Rnd 1 Pick 4	United States
Matthew Hurt	PF	6-9	233	23	MEM	8	0	Duke	2021 NBA Draft, Undrafted	United States
Bones Hyland	G	6-2	169	23	LAC	37	2	VCU	2021 Rnd 1 Pick 26	United States
Joe Ingles	F	6-9	220	36	ORL	68	9	Melbourne South (Australia)	2009 NBA Draft, Undrafted	Australia
Brandon Ingram	SF	6-8	190	26	NOP	64	7	Duke	2016 Rnd 1 Pick 2	United States
Kyrie Irving	G	6-2	195	31	DAL	58	12	Duke	2011 Rnd 1 Pick 1	United States
Jonathan Isaac	SF	6-10	230	26	ORL	58	6	Florida State	2017 Rnd 1 Pick 6	United States
Jaden Ivey	G	6-4	195	22	DET	77	1	Purdue	2022 Rnd 1 Pick 5	United States
GG Jackson II	PF	6-9	215	19	MEM	48	0	South Carolina	2023 Rnd 2 Pick 15	United States
Isaiah Jackson	PF	6-9	205	22	IND	60	2	Kentucky	2021 Rnd 1 Pick 22	United States
Andre Jackson Jr.	G	6-6	209	22	MIL	57	0	UConn	2023 Rnd 2 Pick 6	United States
Jaren Jackson Jr.	PF	6-10	242	24	MEM	66	5	Michigan State	2018 Rnd 1 Pick 4	United States
Justin Jackson	F	6-8	220	28	MIN	2	6	North Carolina	2017 Rnd 1 Pick 15	United States
Quenton Jackson	GF	6-5	173	25	IND	3	1	Texas A&M	2022 NBA Draft, Undrafted	United States
Reggie Jackson	G	6-2	208	33	DEN	82	12	Boston College	2011 Rnd 1 Pick 24	Italy
Trayce Jackson-Davis	F	6-9	245	24	GSW	68	0	Indiana	2023 Rnd 2 Pick 27	United States
LeBron James	F	6-9	250	39	LAL	71	20	St. Vincent St. Mary High School (Ohio)	2003 Rnd 1 Pick 1	United States
Jaime Jaquez Jr.	GF	6-6	225	23	MIA	75	0	UCLA	2023 Rnd 1 Pick 18	United States
DeJon Jarreau	PG	6-5	185	26	MEM	9	1	Houston	2021 NBA Draft, Undrafted	United States
DaQuan Jeffries	SF	6-5	222	26	NYK	17	4	Tulsa	2019 NBA Draft, Undrafted	United States
Trey Jemison	PF	6-10	255	24	MEM, WAS	25	0	UAB	2023 NBA Draft, Undrafted	United States
Ty Jerome	PG	6-5	195	26	CLE	2	4	Virginia	2019 Rnd 1 Pick 24	United States
Isaiah Joe	SG	6-3	165	24	OKC	78	3	Arkansas	2020 Rnd 2 Pick 19	United States
Cameron Johnson	G	6-8	210	27	BRK	58	4	North Carolina	2019 Rnd 1 Pick 11	United States
Jalen Johnson	PF	6-8	219	22	ATL	56	2	Duke	2021 Rnd 1 Pick 20	United States
James Johnson	F	6-7	240	37	IND	9	14	Wake Forest	2009 Rnd 1 Pick 16	United States
Keldon Johnson	SF	6-5	220	24	SAS	69	4	Kentucky	2019 Rnd 1 Pick 29	United States
Keon Johnson	PG	6-4	185	21	BRK	5	2	Tennessee	2021 Rnd 1 Pick 21	United States
Keyontae Johnson	F	6-6	235	23	OKC	9	0	Kansas State	2023 Rnd 2 Pick 20	United States
Nikola Jokic	C	6-11	284	29	DEN	79	8	KK Mega Bemax (Serbia)	2014 Rnd 2 Pick 11	Serbia
Colby Jones	GF	6-6	205	21	SAC	30	0	Xavier	2023 Rnd 2 Pick 4	United States
Damian Jones	PF	6-10	245	28	CLE	39	7	Vanderbilt	2016 Rnd 1 Pick 30	United States
Derrick Jones Jr.	SF	6-6	210	27	DAL	76	7	UNLV	2016 NBA Draft, Undrafted	United States
Herbert Jones	SF	6-7	206	25	NOP	76	2	Alabama	2021 Rnd 2 Pick 5	United States
Mason Jones	G	6-4	190	25	SAC	5	2	Arkansas	2020 NBA Draft, Undrafted	United States
Tre Jones	PG	6-1	185	24	SAS	77	3	Duke	2020 Rnd 2 Pick 11	United States
Tyus Jones	PG	6-1	196	27	WAS	66	8	Duke	2015 Rnd 1 Pick 24	United States
DeAndre Jordan	C	6-11	265	35	DEN	36	15	Texas A&M	2008 Rnd 2 Pick 5	United States
Cory Joseph	PG	6-2	200	32	GSW	26	12	Texas	2011 Rnd 1 Pick 29	Canada
Nikola Jovic	F	6-10	205	20	MIA	46	1	KK Mega Bemax (Serbia)	2022 Rnd 1 Pick 27	Serbia
Johnny Juzang	SG	6-5	209	22	UTA	20	1	UCLA	2022 NBA Draft, Undrafted	United States
Luke Kennard	SG	6-5	206	27	MEM	39	6	Duke	2017 Rnd 1 Pick 12	United States
Walker Kessler	C	7-1	245	22	UTA	64	1	Auburn	2022 Rnd 1 Pick 22	United States
Braxton Key	SF	6-8	225	27	DEN	20	2	Virginia	2020 NBA Draft, Undrafted	United States
Corey Kispert	SF	6-6	224	24	WAS	80	2	Gonzaga	2021 Rnd 1 Pick 15	United States
Maxi Kleber	PF	6-10	240	32	DAL	43	6	s.Oliver Baskets (Germany)	2014 NBA Draft, Undrafted	Germany
Kevin Knox	SF	6-7	215	24	DET	31	5	Kentucky	2018 Rnd 1 Pick 9	United States
John Konchar	G	6-5	210	27	MEM	55	4	Fort Wayne	2019 NBA Draft, Undrafted	United States
Furkan Korkmaz	SG	6-7	202	26	PHI	35	6	Anadolu Efes (Turkey)	2016 Rnd 1 Pick 26	Turkey
Luke Kornet	F	7-1	250	28	BOS	63	6	Vanderbilt	2017 NBA Draft, Undrafted	United States
Vit Krejci	PG	6-8	195	23	ATL	22	2	Zaragoza U18 (Spain)	2020 Rnd 2 Pick 7	Czech Republic
Jonathan Kuminga	F	6-7	225	21	GSW	74	2	NBA G League Ignite	2021 Rnd 1 Pick 7	Democratic Republic of the Congo
Kyle Kuzma	F	6-9	221	28	WAS	70	6	Utah	2017 Rnd 1 Pick 27	United States
Jake LaRavia	F	6-7	235	22	MEM	35	1	Wake Forest	2022 Rnd 1 Pick 19	United States
Zach LaVine	SG	6-5	200	28	CHI	25	9	UCLA	2014 Rnd 1 Pick 13	United States
Jock Landale	C	6-11	255	28	HOU	56	2	Saint Mary's	2018 NBA Draft, Undrafted	Australia
A.J. Lawson	F	6-6	185	23	DAL	42	1	South Carolina	2021 NBA Draft, Undrafted	Canada
Caris LeVert	G	6-6	205	29	CLE	68	7	Michigan	2016 Rnd 1 Pick 20	United States
Saben Lee	PG	6-2	183	24	PHX	24	3	Vanderbilt	2020 Rnd 2 Pick 8	United States
Alex Len	C	7-0	250	30	SAC	48	10	Maryland	2013 Rnd 1 Pick 5	Ukraine
Kawhi Leonard	F	6-7	225	32	LAC	68	12	San Diego State	2011 Rnd 1 Pick 15	United States
Kira Lewis Jr.	PG	6-1	170	22	NOP, TOR, UTH	28	3	Alabama	2020 Rnd 1 Pick 13	United States
Maxwell Lewis	SF	6-7	205	21	LAL	34	0	Pepperdine	2023 Rnd 2 Pick 10	United States
E.J. Liddell	PF	6-6	242	23	NOP	8	1	Ohio State	2022 Rnd 2 Pick 11	United States
Damian Lillard	G	6-2	195	33	MIL	73	11	Weber State	2012 Rnd 1 Pick 6	United States
Nassir Little	SF	6-6	220	24	PHX	45	4	North Carolina	2019 Rnd 1 Pick 25	United States
Dereck Lively II	C	7-1	230	20	DAL	55	0	Duke	2023 Rnd 1 Pick 12	United States
Isaiah Livers	PF	6-6	232	25	DET	23	2	Michigan	2021 Rnd 2 Pick 12	United States
Chris Livingston	F	6-7	225	20	MIL	21	0	Kentucky	2023 Rnd 2 Pick 28	United States
Kenneth Lofton Jr.	F	6-6	275	21	MEM, PHL, UTH	21	1	Louisiana Tech	2022 NBA Draft, Undrafted	United States
Kevon Looney	PF	6-9	222	28	GSW	74	8	UCLA	2015 Rnd 1 Pick 30	United States
Brook Lopez	C	7-1	282	35	MIL	79	15	Stanford	2008 Rnd 1 Pick 10	United States
Robin Lopez	FC	7-1	281	35	MIL	16	15	Stanford	2008 Rnd 1 Pick 15	United States
Kevin Love	FC	6-8	251	35	MIA	55	15	UCLA	2008 Rnd 1 Pick 5	United States
Kyle Lowry	PG	6-0	196	37	MIA, PHL	60	17	Villanova	2006 Rnd 1 Pick 24	United States
Seth Lundy	GF	6-4	220	23	ATL	9	0	Penn State	2023 Rnd 2 Pick 16	United States
Trey Lyles	SF	6-9	234	28	SAC	58	8	Kentucky	2015 Rnd 1 Pick 12	Canada
Theo Maledon	PG	6-4	175	22	CHA, PHX	17	3	ASVEL Basket (France)	2020 Rnd 2 Pick 4	France
Sandro Mamukelashvili	F	6-9	240	24	SAS	46	2	Seton Hall	2021 Rnd 2 Pick 24	Georgia
Terance Mann	SG	6-5	215	27	LAC	75	4	Florida State	2019 Rnd 2 Pick 18	United States
Tre Mann	PG	6-3	178	23	CHA, OKC	41	2	Florida	2021 Rnd 1 Pick 18	United States
Boban Marjanovic	C	7-4	290	35	HOU	14	8	KK Vrsac Swisslion (Serbia)	2010 NBA Draft, Undrafted	Serbia
Lauri Markkanen	SF	7-0	240	26	UTA	55	6	Arizona	2017 Rnd 1 Pick 7	Finland
Naji Marshall	SF	6-6	220	26	NOP	66	3	Xavier	2020 NBA Draft, Undrafted	United States
Caleb Martin	F	6-5	205	28	MIA	64	4	Nevada	2019 NBA Draft, Undrafted	United States
Cody Martin	F	6-6	205	28	CHA	28	4	Nevada	2019 Rnd 2 Pick 6	United States
KJ Martin	F	6-6	215	23	LAC, PHL	60	3	IMG Academy (Florida)	2020 Rnd 2 Pick 22	United States
Garrison Mathews	SG	6-6	215	27	ATL	66	4	Lipscomb	2019 NBA Draft, Undrafted	United States
Bennedict Mathurin	GF	6-5	210	21	IND	59	1	Arizona	2022 Rnd 1 Pick 6	Canada
Wesley Matthews	G	6-5	220	37	ATL	36	14	Marquette	2009 NBA Draft, Undrafted	United States
Tyrese Maxey	PG	6-2	200	23	PHI	70	3	Kentucky	2020 Rnd 1 Pick 21	United States
Skylar Mays	PG	6-3	205	26	LAL, POR	38	3	LSU	2020 Rnd 2 Pick 20	United States
Miles McBride	G	6-1	195	23	NYK	68	2	West Virginia	2021 Rnd 2 Pick 6	United States
CJ McCollum	G	6-3	190	32	NOP	66	10	Lehigh	2013 Rnd 1 Pick 10	United States
T.J. McConnell	G	6-1	190	31	IND	71	8	Arizona	2015 NBA Draft, Undrafted	United States
Jaden McDaniels	F	6-9	185	23	MIN	72	3	Washington	2020 Rnd 1 Pick 28	United States
Jalen McDaniels	PF	6-9	190	26	TOR	50	4	San Diego State	2019 Rnd 2 Pick 22	United States
Doug McDermott	F	6-6	225	32	IND, SAN	64	9	Creighton	2014 Rnd 1 Pick 11	United States
JaVale McGee	C	7-0	270	36	SAC	46	15	Nevada	2008 Rnd 1 Pick 18	United States
Bryce McGowens	GF	6-6	190	21	CHA	59	1	Nebraska	2022 Rnd 2 Pick 10	United States
Jordan McLaughlin	G	6-0	185	27	MIN	56	4	USC	2018 NBA Draft, Undrafted	United States
De'Anthony Melton	SG	6-3	200	25	PHI	38	5	USC	2018 Rnd 2 Pick 16	United States
Nathan Mensah	F	6-9	230	25	CHA	25	0	San Diego State	2023 NBA Draft, Undrafted	Ghana
Sam Merrill	G	6-4	205	27	CLE	61	3	Utah State	2020 Rnd 2 Pick 30	United States
Chimezie Metu	PF	6-10	225	26	DET, PHX	51	5	USC	2018 Rnd 2 Pick 19	United States
Vasilije Micic	PG	6-3	188	30	CHA, OKC	60	0	KK Mega Bemax (Serbia)	2014 Rnd 2 Pick 22	Serbia
Khris Middleton	SF	6-7	222	32	MIL	55	11	Texas A&M	2012 Rnd 2 Pick 9	United States
Brandon Miller	F	6-8	205	21	CHA	74	0	Alabama	2023 Rnd 1 Pick 2	United States
Jordan Miller	G	6-5	194	24	LAC	8	0	Miami (FL)	2023 Rnd 2 Pick 18	United States
Leonard Miller	F	6-10	214	20	MIN	17	0	NBA G League Ignite	2023 Rnd 2 Pick 3	Canada
Patty Mills	G	6-2	180	35	ATL, MIA	32	14	Saint Mary's	2009 Rnd 2 Pick 25	Australia
Shake Milton	SG	6-5	205	27	DET, MIN, NYK	48	5	Southern Methodist	2018 Rnd 2 Pick 24	United States
Justin Minaya	F	6-6	205	24	POR	34	1	Providence	2022 NBA Draft, Undrafted	United States
Josh Minott	F	6-8	202	21	MIN	32	1	Memphis	2022 Rnd 2 Pick 15	United States
Davion Mitchell	PG	6-0	202	25	SAC	72	2	Baylor	2021 Rnd 1 Pick 9	United States
Donovan Mitchell	SG	6-3	215	27	CLE	55	6	Louisville	2017 Rnd 1 Pick 13	United States
Evan Mobley	PF	6-11	215	22	CLE	50	2	USC	2021 Rnd 1 Pick 3	United States
Isaiah Mobley	SF	6-8	238	24	CLE	10	1	USC	2022 Rnd 2 Pick 19	United States
Malik Monk	SG	6-3	200	26	SAC	72	6	Kentucky	2017 Rnd 1 Pick 11	United States
Moses Moody	SG	6-5	211	21	GSW	66	2	Arkansas	2021 Rnd 1 Pick 14	United States
Xavier Moon	SG	6-2	165	29	LAC	14	2	Morehead State	2017 NBA Draft, Undrafted	United States
Wendell Moore Jr.	SF	6-5	215	22	MIN	25	1	Duke	2022 Rnd 1 Pick 26	United States
Taze Moore	SF	6-5	195	25	POR	4	0	Houston	2022 NBA Draft, Undrafted	United States
Ja Morant	G	6-2	174	24	MEM	9	4	Murray State	2019 Rnd 1 Pick 2	United States
Marcus Morris	F	6-8	218	34	CLE, PHL	49	12	Kansas	2011 Rnd 1 Pick 14	United States
Markieff Morris	PF	6-9	245	34	DAL	26	12	Kansas	2011 Rnd 1 Pick 13	United States
Monte Morris	G	6-2	183	28	DET, MIN	33	6	Iowa State	2017 Rnd 2 Pick 21	United States
Trey Murphy III	G	6-8	206	23	NOP	57	2	Virginia	2021 Rnd 1 Pick 17	United States
Dejounte Murray	SG	6-5	180	27	ATL	78	7	Washington	2016 Rnd 1 Pick 29	United States
Jamal Murray	SG	6-4	215	27	DEN	59	7	Kentucky	2016 Rnd 1 Pick 7	Canada
Keegan Murray	F	6-8	225	23	SAC	77	1	Iowa	2022 Rnd 1 Pick 4	United States
Kris Murray	F	6-8	210	23	POR	62	0	Iowa	2023 Rnd 1 Pick 23	United States
Mike Muscala	FC	6-10	240	32	DET, OKC, WAS	53	10	Bucknell	2013 Rnd 2 Pick 14	United States
Svi Mykhailiuk	SF	6-7	205	26	BOS	41	5	Kansas	2018 Rnd 2 Pick 17	Ukraine
Larry Nance Jr.	SF	6-8	245	31	NOP	61	8	Wyoming	2015 Rnd 1 Pick 27	United States
Pete Nance	PF	6-11	230	24	CLE	8	0	North Carolina	2023 NBA Draft, Undrafted	United States
Andrew Nembhard	PG	6-4	191	24	IND	68	1	Gonzaga	2022 Rnd 2 Pick 1	Canada
Aaron Nesmith	F	6-6	215	24	IND	72	3	Vanderbilt	2020 Rnd 1 Pick 14	United States
Georges Niang	F	6-7	230	30	CLE	82	7	Iowa State	2016 Rnd 2 Pick 20	United States
Daishen Nix	GF	6-3	231	22	MIN	15	2	NBA G League Ignite	2021 NBA Draft, Undrafted	United States
Zeke Nnaji	PF	6-9	240	23	DEN	58	3	Arizona	2020 Rnd 1 Pick 22	United States
Jaylen Nowell	SG	6-4	201	24	DET, MEM	13	4	Washington	2019 Rnd 2 Pick 13	United States
Markquis Nowell	PG	5-8	160	24	TOR	1	0	Kansas State	2023 NBA Draft, Undrafted	United States
Frank Ntilikina	PG	6-4	200	25	CHA	5	6	Strasbourg IG (France)	2017 Rnd 1 Pick 8	Belgium
Jusuf Nurkic	FC	7-0	290	29	PHX	76	9	Cedevita (Croatia)	2014 Rnd 1 Pick 16	Bosnia and Herzegovina
Jordan Nwora	F	6-8	225	25	IND, TOR	52	3	Louisville	2020 Rnd 2 Pick 15	United States
Royce O'Neale	SF	6-6	226	30	BRK, PHX	79	6	Baylor	2015 NBA Draft, Undrafted	United States
Chuma Okeke	PF	6-7	229	25	ORL	47	3	Auburn	2019 Rnd 1 Pick 16	United States
Josh Okogie	SG	6-4	213	25	PHX	60	5	Georgia Tech	2018 Rnd 1 Pick 20	Nigeria
Onyeka Okongwu	PF	6-10	240	23	ATL	55	3	USC	2020 Rnd 1 Pick 6	United States
Isaac Okoro	SG	6-5	225	23	CLE	69	3	Auburn	2020 Rnd 1 Pick 5	United States
Kelly Olynyk	C	6-11	240	32	TOR, UTH	78	10	Gonzaga	2013 Rnd 1 Pick 13	Canada
Eugene Omoruyi	F	6-6	235	27	WAS	43	2	Oregon	2021 NBA Draft, Undrafted	Canada
Cedi Osman	GF	6-7	230	28	SAS	72	6	Anadolu Efes (Turkey)	2015 Rnd 2 Pick 1	North Macedonia
Kelly Oubre Jr.	SF	6-7	203	28	PHI	68	8	Kansas	2015 Rnd 1 Pick 15	United States
Chris Paul	PG	6-0	175	38	GSW	58	18	Wake Forest	2005 Rnd 1 Pick 4	United States
Cameron Payne	G	6-3	183	29	MIL, PHL	78	8	Murray State	2015 Rnd 1 Pick 14	United States
Gary Payton II	G	6-2	195	31	GSW	44	7	Oregon State	2016 NBA Draft, Undrafted	United States
Maozinha Pereira	F	6-8	177	23	MEM	7	0	 	2022 NBA Draft, Undrafted	Brazil
Drew Peterson	F	6-8	205	24	BOS	3	0	USC	2023 NBA Draft, Undrafted	United States
Filip Petrusev	FC	6-11	225	23	PHL, SAC	3	0	KK Mega Bemax (Serbia)	2021 Rnd 2 Pick 20	Serbia
Julian Phillips	F	6-8	197	20	CHI	40	0	Tennessee	2023 Rnd 2 Pick 5	United States
Jalen Pickett	F	6-4	202	24	DEN	27	0	Penn State	2023 Rnd 2 Pick 2	United States
Scotty Pippen Jr.	G	6-1	170	23	MEM	21	1	Vanderbilt	2022 NBA Draft, Undrafted	United States
Mason Plumlee	PF	6-10	254	33	LAC	46	10	Duke	2013 Rnd 1 Pick 22	United States
Brandin Podziemski	G	6-4	205	21	GSW	74	0	Santa Clara	2023 Rnd 1 Pick 19	United States
Jakob Poeltl	C	7-0	260	28	TOR	50	7	Utah	2016 Rnd 1 Pick 9	Austria
Aleksej Pokusevski	C	7-0	210	22	CHA, OKC	28	3	Olympiacos U18 (Greece)	2020 Rnd 1 Pick 17	Serbia
Jordan Poole	SG	6-4	194	24	WAS	78	4	Michigan	2019 Rnd 1 Pick 28	United States
Jontay Porter	PF	6-10	240	24	TOR	26	2	Missouri	2019 NBA Draft, Undrafted	United States
Craig Porter Jr.	G	6-2	178	24	CLE	51	0	Wichita State	2023 NBA Draft, Undrafted	United States
Michael Porter Jr.	PF	6-10	218	25	DEN	81	5	Missouri	2018 Rnd 1 Pick 14	United States
Otto Porter Jr.	SF	6-8	230	30	TOR	15	10	Georgetown	2013 Rnd 1 Pick 3	United States
Bobby Portis	PF	6-10	250	29	MIL	82	8	Arkansas	2015 Rnd 1 Pick 22	United States
Kristaps Porzingis	FC	7-2	240	28	BOS	57	8	Coosur Real Betis (Spain)	2015 Rnd 1 Pick 4	Latvia
Micah Potter	C	6-9	248	25	UTA	16	2	Wisconsin	2021 NBA Draft, Undrafted	United States
Dwight Powell	PF	6-10	240	32	DAL	63	9	Stanford	2014 Rnd 2 Pick 15	Canada
Norman Powell	SG	6-4	215	30	LAC	76	8	UCLA	2015 Rnd 2 Pick 16	United States
Jason Preston	G	6-4	187	24	UTA	7	2	Ohio	2021 Rnd 2 Pick 3	United States
Joshua Primo	G	6-4	189	21	LAC	2	2	Alabama	2021 Rnd 1 Pick 12	Canada
Taurean Prince	F	6-6	218	29	LAL	78	7	Baylor	2016 Rnd 1 Pick 12	United States
Payton Pritchard	PG	6-1	195	26	BOS	82	3	Oregon	2020 Rnd 1 Pick 26	United States
Olivier-Maxence Prosper	F	6-8	215	21	DAL	40	0	Marquette	2023 Rnd 1 Pick 24	Canada
Trevelin Queen	G	6-5	190	27	ORL	14	2	New Mexico State	2020 NBA Draft, Undrafted	United States
Neemias Queta	C	7-0	258	24	BOS	28	2	Utah State	2021 Rnd 2 Pick 9	Portugal
Immanuel Quickley	PG	6-2	190	24	NYK, TOR	68	3	Kentucky	2020 Rnd 1 Pick 25	United States
Lester Quinones	SG	6-4	208	23	GSW	37	1	Memphis	2022 NBA Draft, Undrafted	United States
Jahmi'us Ramsey	PG	6-3	195	22	TOR	7	2	Texas Tech	2020 Rnd 2 Pick 13	United States
Julius Randle	PF	6-8	250	29	NYK	46	9	Kentucky	2014 Rnd 1 Pick 7	United States
Duop Reath	C	6-9	245	27	POR	68	0	LSU	2018 NBA Draft, Undrafted	Australia
Austin Reaves	PG	6-5	197	25	LAL	82	2	Oklahoma	2021 NBA Draft, Undrafted	United States
Cam Reddish	G	6-7	217	24	LAL	48	4	Duke	2019 Rnd 1 Pick 10	United States
Paul Reed	F	6-9	210	24	PHI	82	3	DePaul	2020 Rnd 2 Pick 28	United States
Naz Reid	C	6-9	264	24	MIN	81	4	LSU	2019 NBA Draft, Undrafted	United States
Jared Rhoden	SG	6-6	210	24	DET	17	1	Seton Hall	2022 NBA Draft, Undrafted	United States
Nick Richards	C	7-0	245	26	CHA	67	3	Kentucky	2020 Rnd 2 Pick 12	Jamaica
Josh Richardson	G	6-5	200	30	MIA	43	8	Tennessee	2015 Rnd 2 Pick 10	United States
Duncan Robinson	F	6-7	215	29	MIA	68	5	Michigan	2018 NBA Draft, Undrafted	United States
Jerome Robinson	SG	6-5	190	27	GSW	22	3	Boston College	2018 Rnd 1 Pick 13	United States
Mitchell Robinson	C	7-0	240	25	NYK	31	5	 	2018 Rnd 2 Pick 6	United States
Orlando Robinson	PF	6-10	245	23	MIA	36	1	Fresno State	2022 NBA Draft, Undrafted	United States
Jeremiah Robinson-Earl	PF	6-8	240	23	NOP	39	2	Villanova	2021 Rnd 2 Pick 2	United States
David Roddy	F	6-4	255	22	MEM, PHX	65	1	Colorado State	2022 Rnd 1 Pick 23	United States
Ryan Rollins	G	6-4	180	21	MIL, WAS	13	1	Toledo	2022 Rnd 2 Pick 14	United States
Derrick Rose	PG	6-3	200	35	MEM	24	15	Memphis	2008 Rnd 1 Pick 1	United States
Terry Rozier	G	6-1	190	29	CHA, MIA	61	8	Louisville	2015 Rnd 1 Pick 16	United States
Rayan Rupert	G	6-6	195	19	POR	39	0	New Zealand (New Zealand)	2023 Rnd 2 Pick 13	France
D'Angelo Russell	SG	6-3	193	28	LAL	76	8	Ohio State	2015 Rnd 1 Pick 2	United States
Matt Ryan	SF	6-6	215	26	NOP	28	2	Chattanooga	2020 NBA Draft, Undrafted	United States
Domantas Sabonis	PF	6-10	240	27	SAC	82	7	Gonzaga	2016 Rnd 1 Pick 11	United States
Luka Samanic	PF	6-10	227	24	UTA	43	4	Union Olimpija (Slovenia)	2019 Rnd 1 Pick 19	Croatia
Jermaine Samuels	SF	6-7	230	25	HOU	14	0	Villanova	2022 NBA Draft, Undrafted	United States
Adama Sanogo	PF	6-9	245	22	CHI	9	0	UConn	2023 NBA Draft, Undrafted	Mali
Gui Santos	GF	6-6	185	21	GSW	23	0	Minas (Brazil)	2022 Rnd 2 Pick 25	Brazil
Dario Saric	SF	6-10	225	29	GSW	64	7	KK Cibona (Croatia)	2014 Rnd 1 Pick 12	Croatia
Olivier Sarr	FC	6-10	240	25	OKC	15	2	Kentucky	2021 NBA Draft, Undrafted	France
Marcus Sasser	G	6-1	190	23	DET	71	0	Houston	2023 Rnd 1 Pick 25	United States
Admiral Schofield	SF	6-5	241	26	ORL	23	3	Tennessee	2019 Rnd 2 Pick 12	United States
Dennis Schroder	PG	6-1	175	30	BRK, TOR	80	10	Basketball Lowen Braunschweig (Germany)	2013 Rnd 1 Pick 17	Germany
Dereon Seabron	SG	6-7	180	23	NOP	6	1	NC State	2022 NBA Draft, Undrafted	United States
Alperen Sengun	C	6-11	243	21	HOU	63	2	Besiktas Icrypex (Turkey)	2021 Rnd 1 Pick 16	Turkey
Brice Sensabaugh	F	6-6	235	20	UTA	32	0	Ohio State	2023 Rnd 1 Pick 28	United States
Collin Sexton	PG	6-3	190	25	UTA	78	5	Alabama	2018 Rnd 1 Pick 8	United States
Landry Shamet	PG	6-4	190	26	WAS	46	5	Wichita State	2018 Rnd 1 Pick 26	United States
Day'Ron Sharpe	PF	6-9	265	22	BRK	61	2	North Carolina	2021 Rnd 1 Pick 29	United States
Shaedon Sharpe	F	6-5	205	20	POR	32	1	Kentucky	2022 Rnd 1 Pick 7	Canada
Ben Sheppard	G	6-6	190	22	IND	57	0	Belmont	2023 Rnd 1 Pick 26	United States
Pascal Siakam	F	6-8	245	29	IND, TOR	80	7	New Mexico State	2016 Rnd 1 Pick 27	Cameroon
Ben Simmons	PF	6-10	240	27	BRK	15	7	LSU	2016 Rnd 1 Pick 1	Australia
Kobi Simmons	PG	6-5	180	26	TOR	4	4	Arizona	2017 NBA Draft, Undrafted	United States
Anfernee Simons	SG	6-3	193	24	POR	46	5	IMG Academy (Florida)	2018 Rnd 1 Pick 24	United States
Zavier Simpson	PG	6-0	190	27	MEM	7	1	Michigan	2020 NBA Draft, Undrafted	United States
Jericho Sims	C	6-10	250	25	NYK	45	2	Texas	2021 Rnd 2 Pick 28	United States
Dmytro Skapintsev	C	7-1	215	25	NYK	2	0	SK Cherkasy Monkeys (Ukraine)	2020 NBA Draft, Undrafted	Ukraine
Jalen Slawson	F	6-8	215	24	SAC	12	0	Furman	2023 Rnd 2 Pick 24	United States
Javonte Smart	G	6-4	205	24	PHI	1	1	LSU	2021 NBA Draft, Undrafted	United States
Marcus Smart	PG	6-3	220	29	MEM	20	9	Oklahoma State	2014 Rnd 1 Pick 6	United States
Dennis Smith Jr.	PG	6-3	205	26	BRK	56	6	NC State	2017 Rnd 1 Pick 9	United States
Dru Smith	SG	6-2	203	26	MIA	9	1	Missouri	2021 NBA Draft, Undrafted	United States
Ish Smith	PG	6-0	175	35	CHA	43	13	Wake Forest	2010 NBA Draft, Undrafted	United States
Jalen Smith	C	6-9	215	23	IND	61	3	Maryland	2020 Rnd 1 Pick 10	United States
Jabari Smith Jr.	F	6-11	220	20	HOU	76	1	Auburn	2022 Rnd 1 Pick 3	United States
Nick Smith Jr.	G	6-3	185	19	CHA	51	0	Arkansas	2023 Rnd 1 Pick 27	United States
Terquavion Smith	G	6-4	160	21	PHI	16	0	NC State	2023 NBA Draft, Undrafted	United States
Jeremy Sochan	SG	6-8	230	20	SAS	74	1	Baylor	2022 Rnd 1 Pick 9	United States
Pat Spencer	G	6-3	205	27	GSW	6	0	Northwestern	2020 NBA Draft, Undrafted	United States
Jaden Springer	SG	6-4	215	21	BOS, PHL	49	2	Tennessee	2021 Rnd 1 Pick 28	United States
Lamar Stevens	SF	6-7	230	26	BOS, MEM	38	3	Penn State	2020 NBA Draft, Undrafted	United States
Isaiah Stewart	C	6-8	250	22	DET	46	3	Washington	2020 Rnd 1 Pick 16	United States
Julian Strawther	GF	6-6	205	21	DEN	50	0	Gonzaga	2023 Rnd 1 Pick 29	United States
Max Strus	G	6-5	215	27	CLE	70	4	DePaul	2019 NBA Draft, Undrafted	United States
Jalen Suggs	SG	6-5	205	22	ORL	75	2	Gonzaga	2021 Rnd 1 Pick 5	United States
Cole Swider	F	6-8	225	24	MIA	18	1	Syracuse	2022 NBA Draft, Undrafted	United States
Jae'Sean Tate	F	6-4	230	28	HOU	65	3	Ohio State	2018 NBA Draft, Undrafted	United States
Jayson Tatum	SF	6-8	210	25	BOS	74	6	Duke	2017 Rnd 1 Pick 3	United States
Terry Taylor	GF	6-4	230	24	CHI	31	2	Austin Peay	2021 NBA Draft, Undrafted	United States
Garrett Temple	G	6-5	195	37	TOR	27	13	LSU	2009 NBA Draft, Undrafted	United States
Dalen Terry	PG	6-7	195	21	CHI	59	1	Arizona	2022 Rnd 1 Pick 18	United States
Daniel Theis	C	6-8	245	31	IND, LAC	60	6	Ratiopharm Ulm (Germany)	2013 NBA Draft, Undrafted	Germany
Cam Thomas	PG	6-3	210	22	BRK	66	2	LSU	2021 Rnd 1 Pick 27	United States
Isaiah Thomas	PG	5-9	185	35	PHX	6	11	Washington	2011 Rnd 2 Pick 30	United States
Amen Thompson	G	6-7	200	21	HOU	62	0	Overtime Elite (Georgia)	2023 Rnd 1 Pick 4	United States
Ausar Thompson	G	6-6	205	21	DET	63	0	Overtime Elite (Georgia)	2023 Rnd 1 Pick 5	United States
Klay Thompson	G	6-6	220	34	GSW	77	12	Washington State	2011 Rnd 1 Pick 11	United States
Tristan Thompson	F	6-9	254	32	CLE	49	12	Texas	2011 Rnd 1 Pick 4	Canada
JT Thor	PF	6-9	203	21	CHA	63	2	Auburn	2021 Rnd 2 Pick 7	United States
Matisse Thybulle	SF	6-5	201	26	POR	65	4	Washington	2019 Rnd 1 Pick 20	United States
Xavier Tillman Sr.	PF	6-7	245	25	BOS, MEM	54	3	Michigan State	2020 Rnd 2 Pick 5	United States
Jacob Toppin	SF	6-8	200	23	NYK	9	0	Kentucky	2023 NBA Draft, Undrafted	United States
Obi Toppin	F	6-9	220	25	IND	82	3	Dayton	2020 Rnd 1 Pick 8	United States
Juan Toscano-Anderson	F	6-6	209	30	SAC	11	4	Marquette	2015 NBA Draft, Undrafted	United States
Karl-Anthony Towns	C	7-0	248	28	MIN	62	8	Kentucky	2015 Rnd 1 Pick 1	United States
Gary Trent Jr.	SG	6-5	204	25	TOR	71	5	Duke	2018 Rnd 2 Pick 7	United States
Oscar Tshiebwe	F	6-8	255	24	IND	8	0	Kentucky	2023 NBA Draft, Undrafted	Democratic Republic of the Congo
P.J. Tucker	SF	6-5	245	38	LAC, PHL	31	12	Texas	2006 Rnd 2 Pick 5	United States
Myles Turner	FC	6-11	250	27	IND	77	8	Texas	2015 Rnd 1 Pick 11	United States
Hunter Tyson	SF	6-8	220	23	DEN	18	0	Clemson	2023 Rnd 2 Pick 7	United States
Stanley Umude	G	6-6	210	24	DET	24	1	Arkansas	2022 NBA Draft, Undrafted	United States
Jonas Valanciunas	C	6-11	265	31	NOP	82	11	Lietuvos Rytas (Lithuania)	2011 Rnd 1 Pick 5	Lithuania
Fred VanVleet	G	6-0	197	30	HOU	73	7	Wichita State	2016 NBA Draft, Undrafted	United States
Jarred Vanderbilt	PF	6-8	214	24	LAL	29	5	Kentucky	2018 Rnd 2 Pick 11	United States
Devin Vassell	SG	6-5	200	23	SAS	68	3	Florida State	2020 Rnd 1 Pick 11	United States
Sasha Vezenkov	PF	6-8	225	28	SAC	42	0	FC Barcelona II (Spain)	2017 Rnd 2 Pick 27	Cyprus
Gabe Vincent	G	6-2	200	27	LAL	11	4	UC Santa Barbara	2018 NBA Draft, Undrafted	United States
Nikola Vucevic	PF	6-10	260	33	CHI	76	12	USC	2011 Rnd 1 Pick 16	Switzerland
Tristan Vukcevic	F	7-0	225	20	WAS	10	0	KK Partizan (Serbia)	2023 Rnd 2 Pick 12	Italy
Dean Wade	PF	6-9	228	27	CLE	54	4	Kansas State	2019 NBA Draft, Undrafted	United States
Franz Wagner	SF	6-10	220	22	ORL	72	2	Michigan	2021 Rnd 1 Pick 8	Germany
Moritz Wagner	PF	6-11	245	26	ORL	80	5	Michigan	2018 Rnd 1 Pick 25	Germany
Ish Wainright	GF	6-5	250	29	PHX, POR	11	2	Baylor	2017 NBA Draft, Undrafted	United States
Jabari Walker	F	6-7	227	21	POR	72	1	Colorado	2022 Rnd 2 Pick 27	United States
Jarace Walker	G	6-7	235	20	IND	33	0	Houston	2023 Rnd 1 Pick 8	United States
Lonnie Walker IV	SG	6-4	204	25	BRK	58	5	Miami (FL)	2018 Rnd 1 Pick 18	United States
Cason Wallace	G	6-3	195	20	OKC	82	0	Kentucky	2023 Rnd 1 Pick 10	United States
Jordan Walsh	F	6-7	215	19	BOS	9	0	Arkansas	2023 Rnd 2 Pick 8	United States
T.J. Warren	F	6-8	220	30	MIN	11	9	NC State	2014 Rnd 1 Pick 14	United States
TyTy Washington Jr.	PG	6-3	192	22	MIL	11	1	Kentucky	2022 Rnd 1 Pick 29	United States
P.J. Washington	PF	6-7	230	25	CHA, DAL	73	4	Kentucky	2019 Rnd 1 Pick 12	United States
Yuta Watanabe	F	6-9	215	29	MEM, PHX	34	5	George Washington	2018 NBA Draft, Undrafted	Japan
Lindy Waters III	SG	6-6	210	26	OKC	38	2	Oklahoma State	2020 NBA Draft, Undrafted	United States
Trendon Watford	SF	6-8	237	23	BRK	63	2	LSU	2021 NBA Draft, Undrafted	United States
Peyton Watson	GF	6-7	200	21	DEN	80	1	UCLA	2022 Rnd 1 Pick 30	United States
Victor Wembanyama	F	7-4	210	20	SAS	71	0	Boulogne-Levallois (France)	2023 Rnd 1 Pick 1	France
Blake Wesley	SG	6-3	185	20	SAS	61	1	Notre Dame	2022 Rnd 1 Pick 25	United States
Russell Westbrook	G	6-4	200	35	LAC	68	15	UCLA	2008 Rnd 1 Pick 4	United States
Coby White	PG	6-5	195	24	CHI	79	4	North Carolina	2019 Rnd 1 Pick 7	United States
Derrick White	G	6-4	190	29	BOS	73	6	Colorado	2017 Rnd 1 Pick 29	United States
Jack White	SF	6-6	225	26	MEM	4	1	Duke	2020 NBA Draft, Undrafted	Australia
Dariq Whitehead	F	6-6	220	19	BRK	2	0	Duke	2023 Rnd 1 Pick 22	United States
Cam Whitmore	F	6-7	235	19	HOU	47	0	Villanova	2023 Rnd 1 Pick 20	United States
Aaron Wiggins	F	6-5	190	25	OKC	78	2	Maryland	2021 Rnd 2 Pick 25	United States
Andrew Wiggins	F	6-7	197	29	GSW	71	9	Kansas	2014 Rnd 1 Pick 1	Canada
Lindell Wigginton	SG	6-1	189	25	MIL	3	2	Iowa State	2019 NBA Draft, Undrafted	Canada
Alondes Williams	G	6-4	210	24	MIA	7	1	Wake Forest	2022 NBA Draft, Undrafted	United States
Brandon Williams	PG	6-1	190	24	DAL	17	1	Arizona	2021 NBA Draft, Undrafted	United States
Grant Williams	SF	6-6	236	25	CHA, DAL	76	4	Tennessee	2019 Rnd 1 Pick 22	United States
Jalen Williams	G	6-5	211	22	OKC	71	1	Santa Clara	2022 Rnd 1 Pick 12	United States
Jaylin Williams	C	6-9	240	21	OKC	69	1	Arkansas	2022 Rnd 2 Pick 4	United States
Jeenathan Williams	SG	6-5	205	25	HOU	22	1	Buffalo	2022 NBA Draft, Undrafted	United States
Vince Williams Jr.	SF	6-4	205	23	MEM	52	1	VCU	2022 Rnd 2 Pick 17	United States
Kenrich Williams	SF	6-6	210	29	OKC	69	5	TCU	2018 NBA Draft, Undrafted	United States
Malik Williams	C	6-11	250	25	TOR	7	0	Louisville	2022 NBA Draft, Undrafted	United States
Mark Williams	C	7-0	240	22	CHA	19	1	Duke	2022 Rnd 1 Pick 15	United States
Patrick Williams	G	6-7	215	22	CHI	43	3	Florida State	2020 Rnd 1 Pick 4	United States
Robert Williams	PF	6-9	249	26	POR	6	5	Texas A&M	2018 Rnd 1 Pick 27	United States
Ziaire Williams	F	6-9	185	22	MEM	51	2	Stanford	2021 Rnd 1 Pick 10	United States
Zion Williamson	PF	6-6	284	23	NOP	70	4	Duke	2019 Rnd 1 Pick 1	United States
D.J. Wilson	F	6-10	231	28	PHI	2	5	Michigan	2017 Rnd 1 Pick 17	United States
Jalen Wilson	F	6-6	230	23	BRK	43	0	Kansas	2023 Rnd 2 Pick 21	United States
Dylan Windler	SF	6-7	196	27	ATL, LAL, NYK	17	4	Belmont	2019 Rnd 1 Pick 26	United States
James Wiseman	C	6-11	240	22	DET	63	3	Memphis	2020 Rnd 1 Pick 2	United States
Isaiah Wong	G	6-3	185	23	IND	1	0	Miami (FL)	2023 Rnd 2 Pick 25	United States
Christian Wood	PF	6-8	214	28	LAL	50	7	UNLV	2015 NBA Draft, Undrafted	United States
Delon Wright	G	6-5	185	31	MIA, WAS	47	8	Utah	2015 Rnd 1 Pick 20	United States
Thaddeus Young	F	6-8	225	35	PHX, TOR	33	16	Georgia Tech	2007 Rnd 1 Pick 12	United States
Trae Young	PG	6-1	164	25	ATL	54	5	Oklahoma	2018 Rnd 1 Pick 5	United States
Omer Yurtseven	C	6-11	275	25	UTA	48	3	Georgetown	2020 NBA Draft, Undrafted	Uzbekistan
Cody Zeller	F	6-11	240	31	NOP	43	10	Indiana	2013 Rnd 1 Pick 4	United States
Ivica Zubac	C	7-0	240	26	LAC	68	7	KK Mega Bemax (Serbia)	2016 Rnd 2 Pick 2	Bosnia and Herzegovina
