DEN	LAL	Tue, Oct 24, 2023	7:30p	2024	19842	119	107	2:17	regular
GSW	PHO	Tue, Oct 24, 2023	10:00p	2024	18064	104	108	2:33	regular
ORL	HOU	Wed, Oct 25, 2023	7:00p	2024	18846	116	86	2:14	regular
NYK	BOS	Wed, Oct 25, 2023	7:00p	2024	19812	104	108	2:39	regular
IND	WAS	Wed, Oct 25, 2023	7:00p	2024	16004	143	120	2:07	regular
CHO	ATL	Wed, Oct 25, 2023	7:00p	2024	16129	116	110	2:22	regular
MIA	DET	Wed, Oct 25, 2023	7:30p	2024	19695	103	102	2:14	regular
TOR	MIN	Wed, Oct 25, 2023	7:30p	2024	19800	97	94	2:10	regular
BRK	CLE	Wed, Oct 25, 2023	7:30p	2024	17931	113	114	2:18	regular
MEM	NOP	Wed, Oct 25, 2023	8:00p	2024	17798	104	111	2:20	regular
CHI	OKC	Wed, Oct 25, 2023	8:00p	2024	21369	104	124	2:05	regular
UTA	SAC	Wed, Oct 25, 2023	9:00p	2024	18206	114	130	2:18	regular
SAS	DAL	Wed, Oct 25, 2023	9:30p	2024	18947	119	126	2:20	regular
LAC	POR	Wed, Oct 25, 2023	10:30p	2024	19370	123	111	2:09	regular
MIL	PHI	Thu, Oct 26, 2023	7:30p	2024	17783	118	117	2:40	regular
LAL	PHO	Thu, Oct 26, 2023	10:00p	2024	18997	100	95	2:26	regular
MEM	DEN	Fri, Oct 27, 2023	7:00p	2024	16617	104	108	2:20	regular
CHO	DET	Fri, Oct 27, 2023	7:00p	2024	15855	99	111	2:24	regular
ATL	NYK	Fri, Oct 27, 2023	7:30p	2024	17692	120	126	2:11	regular
CLE	OKC	Fri, Oct 27, 2023	7:30p	2024	19432	105	108	2:27	regular
BOS	MIA	Fri, Oct 27, 2023	7:30p	2024	19156	119	111	2:20	regular
CHI	TOR	Fri, Oct 27, 2023	8:00p	2024	19555	104	103	2:45	regular
SAS	HOU	Fri, Oct 27, 2023	8:00p	2024	18354	126	122	2:38	regular
DAL	BRK	Fri, Oct 27, 2023	8:30p	2024	20238	125	120	2:14	regular
UTA	LAC	Fri, Oct 27, 2023	9:30p	2024	18206	120	118	2:15	regular
POR	ORL	Fri, Oct 27, 2023	10:00p	2024	19464	97	102	2:19	regular
SAC	GSW	Fri, Oct 27, 2023	10:00p	2024	18250	114	122	2:22	regular
DET	CHI	Sat, Oct 28, 2023	7:00p	2024	20062	118	102	2:10	regular
WAS	MEM	Sat, Oct 28, 2023	7:00p	2024	16191	113	106	2:16	regular
NOP	NYK	Sat, Oct 28, 2023	7:00p	2024	16331	96	87	2:08	regular
CLE	IND	Sat, Oct 28, 2023	7:30p	2024	19432	113	125	2:10	regular
TOR	PHI	Sat, Oct 28, 2023	7:30p	2024	19800	107	114	2:10	regular
MIN	MIA	Sat, Oct 28, 2023	8:00p	2024	18024	106	90	2:05	regular
PHO	UTA	Sat, Oct 28, 2023	10:00p	2024	17071	126	104	2:13	regular
OKC	DEN	Sun, Oct 29, 2023	3:30p	2024	18203	95	128	2:00	regular
HOU	GSW	Sun, Oct 29, 2023	7:00p	2024	18055	95	106	2:17	regular
MIL	ATL	Sun, Oct 29, 2023	7:00p	2024	17341	110	127	2:15	regular
PHI	POR	Sun, Oct 29, 2023	7:30p	2024	19768	126	98	2:13	regular
LAC	SAS	Sun, Oct 29, 2023	9:00p	2024	19370	123	83	2:06	regular
SAC	LAL	Sun, Oct 29, 2023	9:00p	2024	18198	132	127	2:38	regular
IND	CHI	Mon, Oct 30, 2023	7:00p	2024	15021	105	112	2:26	regular
WAS	BOS	Mon, Oct 30, 2023	7:00p	2024	17898	107	126	2:06	regular
CHO	BRK	Mon, Oct 30, 2023	7:00p	2024	14491	121	133	2:12	regular
TOR	POR	Mon, Oct 30, 2023	7:30p	2024	19266	91	99	2:03	regular
ATL	MIN	Mon, Oct 30, 2023	7:30p	2024	15504	127	113	2:05	regular
MEM	DAL	Mon, Oct 30, 2023	8:00p	2024	15031	110	125	2:14	regular
MIL	MIA	Mon, Oct 30, 2023	8:00p	2024	17341	122	114	2:24	regular
NOP	GSW	Mon, Oct 30, 2023	8:00p	2024	17286	102	130	2:08	regular
OKC	DET	Mon, Oct 30, 2023	8:00p	2024	16127	124	112	2:18	regular
DEN	UTA	Mon, Oct 30, 2023	9:00p	2024	19671	110	102	2:11	regular
LAL	ORL	Mon, Oct 30, 2023	10:30p	2024	18997	106	103	2:18	regular
CLE	NYK	Tue, Oct 31, 2023	7:30p	2024	19432	91	109	2:14	regular
PHO	SAS	Tue, Oct 31, 2023	10:00p	2024	17071	114	115	2:28	regular
LAC	ORL	Tue, Oct 31, 2023	10:30p	2024	14014	118	102	2:17	regular
DET	POR	Wed, Nov 1, 2023	7:00p	2024	16912	101	110	2:08	regular
TOR	MIL	Wed, Nov 1, 2023	7:00p	2024	19800	130	111	2:19	regular
ATL	WAS	Wed, Nov 1, 2023	7:30p	2024	15925	130	121	2:11	regular
BOS	IND	Wed, Nov 1, 2023	7:30p	2024	19156	155	104	2:03	regular
MIA	BRK	Wed, Nov 1, 2023	7:30p	2024	19600	105	109	2:14	regular
NYK	CLE	Wed, Nov 1, 2023	7:30p	2024	19812	89	95	2:22	regular
OKC	NOP	Wed, Nov 1, 2023	7:30p	2024	15764	106	110	2:32	regular
HOU	CHO	Wed, Nov 1, 2023	8:00p	2024	16263	128	119	2:08	regular
MIN	DEN	Wed, Nov 1, 2023	8:00p	2024	18024	110	89	2:10	regular
DAL	CHI	Wed, Nov 1, 2023	8:30p	2024	20103	114	105	2:07	regular
UTA	MEM	Wed, Nov 1, 2023	9:00p	2024	18206	133	109	2:22	regular
GSW	SAC	Wed, Nov 1, 2023	10:00p	2024	18064	102	101	2:14	regular
LAL	LAC	Wed, Nov 1, 2023	10:00p	2024	18997	130	125	2:46	regular
PHI	TOR	Thu, Nov 2, 2023	7:00p	2024	19773	114	99	2:16	regular
NOP	DET	Thu, Nov 2, 2023	8:00p	2024	15884	125	116	2:21	regular
UTA	ORL	Thu, Nov 2, 2023	9:00p	2024	18206	113	115	2:34	regular
PHO	SAS	Thu, Nov 2, 2023	10:00p	2024	17071	121	132	2:17	regular
IND	CLE	Fri, Nov 3, 2023	7:00p	2024	16744	121	116	2:19	ist
MIL	NYK	Fri, Nov 3, 2023	7:30p	2024	17717	110	105	2:37	ist
CHI	BRK	Fri, Nov 3, 2023	8:00p	2024	20645	107	109	2:03	ist
MIA	WAS	Fri, Nov 3, 2023	8:00p	2024	19660	121	114	2:09	ist
OKC	GSW	Fri, Nov 3, 2023	8:00p	2024	16827	139	141	2:39	ist
DEN	DAL	Fri, Nov 3, 2023	10:00p	2024	19729	125	114	2:19	ist
POR	MEM	Fri, Nov 3, 2023	10:00p	2024	18592	115	113	2:40	ist
PHI	PHO	Sat, Nov 4, 2023	1:00p	2024	19796	112	100	2:18	regular
IND	CHO	Sat, Nov 4, 2023	7:00p	2024	15945	124	125	2:32	regular
NOP	ATL	Sat, Nov 4, 2023	7:00p	2024	17237	105	123	2:06	regular
ORL	LAL	Sat, Nov 4, 2023	7:00p	2024	18846	120	101	2:21	regular
BRK	BOS	Sat, Nov 4, 2023	8:00p	2024	17983	114	124	2:10	regular
HOU	SAC	Sat, Nov 4, 2023	8:00p	2024	18055	107	89	2:07	regular
MIN	UTA	Sat, Nov 4, 2023	8:00p	2024	18024	123	95	2:10	regular
DEN	CHI	Sat, Nov 4, 2023	9:00p	2024	19610	123	101	2:08	regular
DET	PHO	Sun, Nov 5, 2023	3:00p	2024	20062	106	120	2:17	regular
SAS	TOR	Sun, Nov 5, 2023	3:30p	2024	18354	116	123	2:36	regular
CLE	GSW	Sun, Nov 5, 2023	6:00p	2024	19432	115	104	2:17	regular
DAL	CHO	Sun, Nov 5, 2023	7:30p	2024	20052	124	118	2:22	regular
POR	MEM	Sun, Nov 5, 2023	9:00p	2024	18187	100	112	2:13	regular
DET	GSW	Mon, Nov 6, 2023	7:00p	2024	20062	109	120	2:09	regular
IND	SAS	Mon, Nov 6, 2023	7:00p	2024	15129	152	111	2:12	regular
ORL	DAL	Mon, Nov 6, 2023	7:00p	2024	19409	102	117	2:22	regular
PHI	WAS	Mon, Nov 6, 2023	7:00p	2024	19765	146	128	2:14	regular
BRK	MIL	Mon, Nov 6, 2023	7:30p	2024	17935	125	129	2:20	regular
MIA	LAL	Mon, Nov 6, 2023	7:30p	2024	19725	108	107	2:10	regular
NYK	LAC	Mon, Nov 6, 2023	7:30p	2024	19812	111	97	2:09	regular
CHI	UTA	Mon, Nov 6, 2023	8:00p	2024	18031	130	113	2:06	regular
HOU	SAC	Mon, Nov 6, 2023	8:00p	2024	15130	122	97	2:17	regular
MIN	BOS	Mon, Nov 6, 2023	8:00p	2024	18024	114	109	2:40	regular
OKC	ATL	Mon, Nov 6, 2023	8:00p	2024	16486	126	117	2:17	regular
DEN	NOP	Mon, Nov 6, 2023	9:00p	2024	19544	134	116	2:09	regular
CHO	WAS	Wed, Nov 8, 2023	7:00p	2024	14267	116	132	2:16	regular
IND	UTA	Wed, Nov 8, 2023	7:00p	2024	14509	134	118	2:09	regular
PHI	BOS	Wed, Nov 8, 2023	7:00p	2024	19953	106	103	2:11	regular
BRK	LAC	Wed, Nov 8, 2023	7:30p	2024	17933	100	93	2:03	regular
NYK	SAS	Wed, Nov 8, 2023	7:30p	2024	19812	126	105	2:12	regular
CHI	PHO	Wed, Nov 8, 2023	8:00p	2024	18220	115	116	2:36	regular
HOU	LAL	Wed, Nov 8, 2023	8:00p	2024	18055	128	94	2:11	regular
MEM	MIA	Wed, Nov 8, 2023	8:00p	2024	16781	102	108	2:28	regular
MIL	DET	Wed, Nov 8, 2023	8:00p	2024	17341	120	118	2:20	regular
MIN	NOP	Wed, Nov 8, 2023	8:00p	2024	18024	122	101	2:07	regular
OKC	CLE	Wed, Nov 8, 2023	8:00p	2024	16314	128	120	2:19	regular
DAL	TOR	Wed, Nov 8, 2023	8:30p	2024	20063	116	127	2:19	regular
DEN	GSW	Wed, Nov 8, 2023	10:00p	2024	19737	108	105	2:20	regular
SAC	POR	Wed, Nov 8, 2023	10:00p	2024	17829	121	118	2:49	regular
IND	MIL	Thu, Nov 9, 2023	7:00p	2024	14648	126	124	2:25	regular
ORL	ATL	Thu, Nov 9, 2023	9:30p	2024	19986	119	120	2:31	regular
DET	PHI	Fri, Nov 10, 2023	7:00p	2024	18902	106	114	2:18	ist
WAS	CHO	Fri, Nov 10, 2023	7:00p	2024	17602	117	124	2:15	ist
BOS	BRK	Fri, Nov 10, 2023	7:30p	2024	19156	121	107	2:11	ist
HOU	NOP	Fri, Nov 10, 2023	8:00p	2024	16236	104	101	2:28	ist
MEM	UTA	Fri, Nov 10, 2023	8:00p	2024	16977	121	127	2:21	ist
SAS	MIN	Fri, Nov 10, 2023	8:00p	2024	18354	110	117	2:17	ist
DAL	LAC	Fri, Nov 10, 2023	8:30p	2024	20377	144	126	2:24	ist
PHO	LAL	Fri, Nov 10, 2023	10:00p	2024	17071	119	122	2:33	ist
SAC	OKC	Fri, Nov 10, 2023	10:00p	2024	18097	105	98	2:22	ist
ORL	MIL	Sat, Nov 11, 2023	6:00p	2024	19354	112	97	2:25	regular
BOS	TOR	Sat, Nov 11, 2023	7:00p	2024	19156	117	94	2:04	regular
ATL	MIA	Sat, Nov 11, 2023	7:30p	2024	17722	109	117	2:13	regular
GSW	CLE	Sat, Nov 11, 2023	8:30p	2024	18064	110	118	2:49	regular
NYK	CHO	Sun, Nov 12, 2023	12:00p	2024	19812	129	107	2:09	regular
BRK	WAS	Sun, Nov 12, 2023	3:00p	2024	17732	102	94	2:17	regular
LAC	MEM	Sun, Nov 12, 2023	3:30p	2024	17220	101	105	2:25	regular
PHI	IND	Sun, Nov 12, 2023	6:00p	2024	19758	137	126	2:06	regular
CHI	DET	Sun, Nov 12, 2023	7:00p	2024	19088	119	108	2:12	regular
HOU	DEN	Sun, Nov 12, 2023	7:00p	2024	18055	107	104	2:10	regular
NOP	DAL	Sun, Nov 12, 2023	7:00p	2024	16302	124	136	2:10	regular
SAS	MIA	Sun, Nov 12, 2023	7:00p	2024	18036	113	118	2:07	regular
PHO	OKC	Sun, Nov 12, 2023	8:00p	2024	17071	99	111	2:15	regular
GSW	MIN	Sun, Nov 12, 2023	8:30p	2024	18064	110	116	2:25	regular
LAL	POR	Sun, Nov 12, 2023	10:00p	2024	18997	116	110	2:11	regular
BOS	NYK	Mon, Nov 13, 2023	7:30p	2024	19156	114	98	2:11	regular
TOR	WAS	Mon, Nov 13, 2023	7:30p	2024	19800	111	107	2:14	regular
MIL	CHI	Mon, Nov 13, 2023	8:00p	2024	17865	118	109	2:16	regular
SAC	CLE	Mon, Nov 13, 2023	10:00p	2024	17829	132	120	2:17	regular
CHO	MIA	Tue, Nov 14, 2023	7:00p	2024	15673	105	111	2:14	ist
DET	ATL	Tue, Nov 14, 2023	7:00p	2024	16963	120	126	2:13	ist
PHI	IND	Tue, Nov 14, 2023	7:00p	2024	19774	126	132	2:37	ist
BRK	ORL	Tue, Nov 14, 2023	7:30p	2024	17361	124	104	2:07	ist
OKC	SAS	Tue, Nov 14, 2023	7:30p	2024	18203	123	87	2:17	ist
NOP	DAL	Tue, Nov 14, 2023	8:00p	2024	16354	131	110	2:10	ist
UTA	POR	Tue, Nov 14, 2023	9:00p	2024	18206	115	99	2:03	ist
DEN	LAC	Tue, Nov 14, 2023	10:00p	2024	19661	111	108	2:29	ist
GSW	MIN	Tue, Nov 14, 2023	10:00p	2024	18064	101	104	2:24	ist
LAL	MEM	Tue, Nov 14, 2023	10:30p	2024	18430	134	107	2:14	ist
WAS	DAL	Wed, Nov 15, 2023	7:00p	2024	16632	117	130	2:07	regular
ATL	NYK	Wed, Nov 15, 2023	7:30p	2024	17060	114	116	2:17	regular
PHI	BOS	Wed, Nov 15, 2023	7:30p	2024	19773	107	117	2:10	regular
TOR	MIL	Wed, Nov 15, 2023	7:30p	2024	19800	112	128	2:15	regular
CHI	ORL	Wed, Nov 15, 2023	8:00p	2024	19092	94	96	2:20	regular
PHO	MIN	Wed, Nov 15, 2023	9:00p	2024	17071	133	115	2:07	regular
LAL	SAC	Wed, Nov 15, 2023	10:00p	2024	18687	110	125	2:13	regular
POR	CLE	Wed, Nov 15, 2023	10:00p	2024	18137	95	109	2:10	regular
MIA	BRK	Thu, Nov 16, 2023	7:30p	2024	19866	122	115	2:17	regular
GSW	OKC	Thu, Nov 16, 2023	10:00p	2024	18064	109	128	2:09	regular
CHO	MIL	Fri, Nov 17, 2023	7:00p	2024	19258	99	130	2:09	ist
WAS	NYK	Fri, Nov 17, 2023	7:00p	2024	16886	99	120	2:18	ist
ATL	PHI	Fri, Nov 17, 2023	7:30p	2024	17067	116	126	2:19	ist
CLE	DET	Fri, Nov 17, 2023	7:30p	2024	19432	108	100	2:05	ist
SAS	SAC	Fri, Nov 17, 2023	7:30p	2024	18354	120	129	2:20	ist
TOR	BOS	Fri, Nov 17, 2023	7:30p	2024	19800	105	108	2:02	ist
CHI	ORL	Fri, Nov 17, 2023	8:00p	2024	20235	97	103	2:17	ist
NOP	DEN	Fri, Nov 17, 2023	8:00p	2024	15278	115	110	2:10	ist
POR	LAL	Fri, Nov 17, 2023	10:00p	2024	18570	95	107	2:08	ist
UTA	PHO	Fri, Nov 17, 2023	10:00p	2024	18206	128	131	2:28	ist
LAC	HOU	Fri, Nov 17, 2023	10:30p	2024	19370	106	100	2:27	ist
CHO	NYK	Sat, Nov 18, 2023	6:00p	2024	19171	108	122	2:02	regular
NOP	MIN	Sat, Nov 18, 2023	7:00p	2024	15536	120	121	2:21	regular
CHI	MIA	Sat, Nov 18, 2023	8:00p	2024	18063	102	97	2:18	regular
MIL	DAL	Sat, Nov 18, 2023	8:00p	2024	18128	132	125	2:07	regular
SAS	MEM	Sat, Nov 18, 2023	8:00p	2024	18354	108	120	2:18	regular
GSW	OKC	Sat, Nov 18, 2023	8:30p	2024	18064	123	130	2:27	regular
BRK	PHI	Sun, Nov 19, 2023	3:00p	2024	17934	99	121	2:08	regular
TOR	DET	Sun, Nov 19, 2023	4:00p	2024	19182	142	113	2:11	regular
IND	ORL	Sun, Nov 19, 2023	5:00p	2024	17276	116	128	2:26	regular
CLE	DEN	Sun, Nov 19, 2023	6:00p	2024	19432	121	109	2:05	regular
DAL	SAC	Sun, Nov 19, 2023	7:30p	2024	20211	113	129	2:10	regular
MEM	BOS	Sun, Nov 19, 2023	8:00p	2024	17798	100	102	2:08	regular
UTA	PHO	Sun, Nov 19, 2023	8:00p	2024	18206	137	140	2:51	regular
POR	OKC	Sun, Nov 19, 2023	9:00p	2024	18235	91	134	1:59	regular
LAL	HOU	Sun, Nov 19, 2023	9:30p	2024	18997	105	104	2:21	regular
CHO	BOS	Mon, Nov 20, 2023	7:00p	2024	19134	121	118	2:19	regular
DET	DEN	Mon, Nov 20, 2023	7:00p	2024	19403	103	107	2:15	regular
WAS	MIL	Mon, Nov 20, 2023	7:00p	2024	17746	129	142	2:05	regular
CHI	MIA	Mon, Nov 20, 2023	8:00p	2024	19258	100	118	2:09	regular
MIN	NYK	Mon, Nov 20, 2023	8:00p	2024	18024	117	100	2:19	regular
NOP	SAC	Mon, Nov 20, 2023	8:00p	2024	16004	129	93	2:10	regular
SAS	LAC	Mon, Nov 20, 2023	8:00p	2024	18354	99	124	2:05	regular
GSW	HOU	Mon, Nov 20, 2023	10:00p	2024	18064	121	116	2:09	regular
ORL	TOR	Tue, Nov 21, 2023	7:00p	2024	18846	126	107	2:10	ist
ATL	IND	Tue, Nov 21, 2023	7:30p	2024	17162	152	157	2:18	ist
PHI	CLE	Tue, Nov 21, 2023	7:30p	2024	20565	119	122	2:51	ist
PHO	POR	Tue, Nov 21, 2023	9:00p	2024	17071	120	107	2:16	ist
LAL	UTA	Tue, Nov 21, 2023	10:00p	2024	18997	131	99	2:09	ist
CHO	WAS	Wed, Nov 22, 2023	7:00p	2024	16432	117	114	2:12	regular
ORL	DEN	Wed, Nov 22, 2023	7:00p	2024	18237	124	119	2:22	regular
ATL	BRK	Wed, Nov 22, 2023	7:30p	2024	17340	147	145	2:37	regular
BOS	MIL	Wed, Nov 22, 2023	7:30p	2024	19156	119	116	2:13	regular
CLE	MIA	Wed, Nov 22, 2023	7:30p	2024	19432	96	129	2:10	regular
IND	TOR	Wed, Nov 22, 2023	7:30p	2024	17091	131	132	2:19	regular
HOU	MEM	Wed, Nov 22, 2023	8:00p	2024	18055	111	91	2:17	regular
MIN	PHI	Wed, Nov 22, 2023	8:00p	2024	18024	112	99	2:09	regular
NOP	SAC	Wed, Nov 22, 2023	8:00p	2024	16012	117	112	2:26	regular
OKC	CHI	Wed, Nov 22, 2023	8:00p	2024	18203	116	102	2:14	regular
SAS	LAC	Wed, Nov 22, 2023	8:00p	2024	18354	102	109	2:16	regular
PHO	GSW	Wed, Nov 22, 2023	10:00p	2024	17071	123	115	2:45	regular
POR	UTA	Wed, Nov 22, 2023	10:00p	2024	17819	121	105	2:07	regular
LAL	DAL	Wed, Nov 22, 2023	10:30p	2024	18997	101	104	2:12	regular
ORL	BOS	Fri, Nov 24, 2023	2:30p	2024	18846	113	96	2:17	ist
MEM	PHO	Fri, Nov 24, 2023	5:00p	2024	17794	89	110	2:06	ist
NYK	MIA	Fri, Nov 24, 2023	7:30p	2024	19812	100	98	2:18	ist
TOR	CHI	Fri, Nov 24, 2023	7:30p	2024	19800	121	108	2:12	ist
HOU	DEN	Fri, Nov 24, 2023	8:00p	2024	18055	105	86	2:07	ist
IND	DET	Fri, Nov 24, 2023	8:00p	2024	17274	136	113	2:14	ist
MIL	WAS	Fri, Nov 24, 2023	8:00p	2024	17880	131	128	2:20	ist
MIN	SAC	Fri, Nov 24, 2023	8:00p	2024	18024	111	124	2:11	ist
GSW	SAS	Fri, Nov 24, 2023	10:00p	2024	18064	118	112	2:35	ist
LAC	NOP	Fri, Nov 24, 2023	10:30p	2024	19370	106	116	2:20	ist
OKC	PHI	Sat, Nov 25, 2023	5:00p	2024	17125	123	127	2:33	regular
BRK	MIA	Sat, Nov 25, 2023	6:00p	2024	17817	112	97	2:10	regular
WAS	ATL	Sat, Nov 25, 2023	7:00p	2024	16276	108	136	2:02	regular
CLE	LAL	Sat, Nov 25, 2023	7:30p	2024	19432	115	121	2:12	regular
UTA	NOP	Sat, Nov 25, 2023	9:30p	2024	18206	105	100	2:10	regular
LAC	DAL	Sat, Nov 25, 2023	10:30p	2024	19370	107	88	2:09	regular
MIL	POR	Sun, Nov 26, 2023	3:30p	2024	17602	108	102	2:29	regular
BOS	ATL	Sun, Nov 26, 2023	6:00p	2024	19156	113	103	2:08	regular
MEM	MIN	Sun, Nov 26, 2023	6:00p	2024	15764	97	119	2:15	regular
NYK	PHO	Sun, Nov 26, 2023	6:00p	2024	19812	113	116	2:25	regular
ORL	CHO	Sun, Nov 26, 2023	6:00p	2024	18846	130	117	2:16	regular
BRK	CHI	Sun, Nov 26, 2023	7:30p	2024	16687	118	109	2:03	regular
CLE	TOR	Sun, Nov 26, 2023	7:30p	2024	19432	105	102	2:16	regular
DEN	SAS	Sun, Nov 26, 2023	8:00p	2024	19665	132	120	2:19	regular
DET	WAS	Mon, Nov 27, 2023	7:00p	2024	14346	107	126	2:18	regular
IND	POR	Mon, Nov 27, 2023	7:00p	2024	14508	110	114	2:29	regular
PHI	LAL	Mon, Nov 27, 2023	7:00p	2024	19907	138	94	2:11	regular
UTA	NOP	Mon, Nov 27, 2023	9:00p	2024	18206	114	112	2:17	regular
LAC	DEN	Mon, Nov 27, 2023	10:30p	2024	17071	104	113	2:26	regular
BOS	CHI	Tue, Nov 28, 2023	7:30p	2024	19156	124	97	2:01	ist
BRK	TOR	Tue, Nov 28, 2023	7:30p	2024	15844	115	103	2:11	ist
CLE	ATL	Tue, Nov 28, 2023	7:30p	2024	19432	128	105	2:10	ist
MIA	MIL	Tue, Nov 28, 2023	7:30p	2024	19691	124	131	2:31	ist
NYK	CHO	Tue, Nov 28, 2023	7:30p	2024	19111	115	91	2:03	ist
MIN	OKC	Tue, Nov 28, 2023	8:00p	2024	18024	106	103	2:20	ist
DAL	HOU	Tue, Nov 28, 2023	8:30p	2024	20103	121	115	2:35	ist
SAC	GSW	Tue, Nov 28, 2023	10:00p	2024	18039	124	123	2:44	ist
DET	LAL	Wed, Nov 29, 2023	7:00p	2024	20062	107	133	2:13	regular
ORL	WAS	Wed, Nov 29, 2023	7:00p	2024	17109	139	120	2:13	regular
TOR	PHO	Wed, Nov 29, 2023	7:30p	2024	19800	112	105	2:12	regular
MEM	UTA	Wed, Nov 29, 2023	8:00p	2024	15327	105	91	2:06	regular
NOP	PHI	Wed, Nov 29, 2023	8:00p	2024	16009	124	114	2:23	regular
DEN	HOU	Wed, Nov 29, 2023	9:00p	2024	19590	134	124	2:07	regular
SAC	LAC	Wed, Nov 29, 2023	10:00p	2024	17829	117	131	2:17	regular
CLE	POR	Thu, Nov 30, 2023	7:00p	2024	19432	95	103	2:04	regular
BRK	CHO	Thu, Nov 30, 2023	7:30p	2024	16072	128	129	2:01	regular
MIA	IND	Thu, Nov 30, 2023	7:30p	2024	19604	142	132	2:33	regular
NYK	DET	Thu, Nov 30, 2023	7:30p	2024	19812	118	112	2:18	regular
CHI	MIL	Thu, Nov 30, 2023	8:00p	2024	19838	120	113	2:36	regular
MIN	UTA	Thu, Nov 30, 2023	8:00p	2024	18024	101	90	2:03	regular
OKC	LAL	Thu, Nov 30, 2023	8:00p	2024	17401	133	110	2:07	regular
SAS	ATL	Thu, Nov 30, 2023	8:00p	2024	17646	135	137	2:17	regular
GSW	LAC	Thu, Nov 30, 2023	10:00p	2024	18064	120	114	2:23	regular
ORL	WAS	Fri, Dec 1, 2023	7:00p	2024	18846	130	125	2:30	regular
BOS	PHI	Fri, Dec 1, 2023	7:30p	2024	19156	125	119	2:25	regular
DAL	MEM	Fri, Dec 1, 2023	7:30p	2024	20150	94	108	2:08	regular
TOR	NYK	Fri, Dec 1, 2023	7:30p	2024	19800	106	119	2:13	regular
NOP	SAS	Fri, Dec 1, 2023	8:00p	2024	17028	121	106	2:09	regular
PHO	DEN	Fri, Dec 1, 2023	10:00p	2024	17071	111	119	2:21	regular
LAC	GSW	Sat, Dec 2, 2023	4:00p	2024	19370	113	112	2:20	regular
CHO	MIN	Sat, Dec 2, 2023	5:00p	2024	17731	117	123	2:16	regular
BRK	ORL	Sat, Dec 2, 2023	7:00p	2024	17966	129	101	2:20	regular
DET	CLE	Sat, Dec 2, 2023	7:00p	2024	18924	101	110	2:05	regular
CHI	NOP	Sat, Dec 2, 2023	8:00p	2024	20511	124	118	2:15	regular
MIA	IND	Sat, Dec 2, 2023	8:00p	2024	19650	129	144	2:17	regular
MIL	ATL	Sat, Dec 2, 2023	8:00p	2024	17866	132	121	2:04	regular
DAL	OKC	Sat, Dec 2, 2023	9:00p	2024	20277	120	126	2:22	regular
PHO	MEM	Sat, Dec 2, 2023	9:00p	2024	17071	116	109	2:27	regular
UTA	POR	Sat, Dec 2, 2023	9:30p	2024	18206	118	113	2:28	regular
SAC	DEN	Sat, Dec 2, 2023	10:00p	2024	17829	123	117	2:13	regular
LAL	HOU	Sat, Dec 2, 2023	10:30p	2024	18997	107	97	2:17	regular
IND	BOS	Mon, Dec 4, 2023	7:30p	2024	16693	122	112	2:14	ist
SAC	NOP	Mon, Dec 4, 2023	10:00p	2024	18048	117	127	2:24	ist
MIL	NYK	Tue, Dec 5, 2023	7:30p	2024	17448	146	122	2:21	ist
LAL	PHO	Tue, Dec 5, 2023	10:00p	2024	18664	106	103	2:28	ist
CLE	ORL	Wed, Dec 6, 2023	7:00p	2024	19432	121	111	2:25	regular
DET	MEM	Wed, Dec 6, 2023	7:00p	2024	12862	102	116	1:59	regular
WAS	PHI	Wed, Dec 6, 2023	7:00p	2024	15568	126	131	2:07	regular
ATL	BRK	Wed, Dec 6, 2023	7:30p	2024	15906	113	114	2:21	regular
MIN	SAS	Wed, Dec 6, 2023	7:30p	2024	18024	102	94	2:15	regular
TOR	MIA	Wed, Dec 6, 2023	7:30p	2024	19084	103	112	2:10	regular
CHI	CHO	Wed, Dec 6, 2023	8:00p	2024	17689	111	100	2:17	regular
HOU	OKC	Wed, Dec 6, 2023	8:00p	2024	16291	110	101	2:10	regular
DAL	UTA	Wed, Dec 6, 2023	8:30p	2024	19877	147	97	2:02	regular
GSW	POR	Wed, Dec 6, 2023	10:00p	2024	18064	110	106	2:20	regular
LAC	DEN	Wed, Dec 6, 2023	10:00p	2024	16365	111	102	2:13	regular
MIL	IND	Thu, Dec 7, 2023	5:00p	2024	16837	119	128	2:27	ist
LAL	NOP	Thu, Dec 7, 2023	9:00p	2024	18017	133	89	2:12	ist
CHO	TOR	Fri, Dec 8, 2023	7:00p	2024	11526	119	116	2:17	regular
ORL	DET	Fri, Dec 8, 2023	7:00p	2024	18655	123	91	2:08	regular
PHI	ATL	Fri, Dec 8, 2023	7:00p	2024	19746	125	114	2:13	regular
BOS	NYK	Fri, Dec 8, 2023	7:30p	2024	19156	133	123	2:16	regular
BRK	WAS	Fri, Dec 8, 2023	7:30p	2024	16587	124	97	2:09	regular
MEM	MIN	Fri, Dec 8, 2023	8:00p	2024	15577	103	127	2:11	regular
MIA	CLE	Fri, Dec 8, 2023	8:00p	2024	19600	99	111	2:12	regular
OKC	GSW	Fri, Dec 8, 2023	8:00p	2024	17112	138	136	2:37	regular
SAS	CHI	Fri, Dec 8, 2023	8:30p	2024	18074	112	121	2:12	regular
DEN	HOU	Fri, Dec 8, 2023	9:00p	2024	19544	106	114	2:28	regular
PHO	SAC	Fri, Dec 8, 2023	9:00p	2024	17071	106	114	2:15	regular
POR	DAL	Fri, Dec 8, 2023	10:00p	2024	18762	112	125	2:15	regular
UTA	LAC	Fri, Dec 8, 2023	10:00p	2024	18206	103	117	2:21	regular
LAL	IND	Sat, Dec 9, 2023	8:30p	2024	19021	123	109	2:42	ist
CHO	MIA	Mon, Dec 11, 2023	7:00p	2024	15543	114	116	2:22	regular
DET	IND	Mon, Dec 11, 2023	7:00p	2024	14988	123	131	2:12	regular
ORL	CLE	Mon, Dec 11, 2023	7:00p	2024	19032	104	94	2:25	regular
PHI	WAS	Mon, Dec 11, 2023	7:00p	2024	19762	146	101	2:12	regular
ATL	DEN	Mon, Dec 11, 2023	7:30p	2024	17531	122	129	2:26	regular
NYK	TOR	Mon, Dec 11, 2023	7:30p	2024	19812	136	130	2:21	regular
HOU	SAS	Mon, Dec 11, 2023	8:00p	2024	16481	93	82	2:07	regular
MEM	DAL	Mon, Dec 11, 2023	8:00p	2024	16379	113	120	2:11	regular
MIL	CHI	Mon, Dec 11, 2023	8:00p	2024	17440	133	129	2:41	regular
NOP	MIN	Mon, Dec 11, 2023	8:00p	2024	16487	121	107	2:19	regular
OKC	UTA	Mon, Dec 11, 2023	8:00p	2024	16631	134	120	2:03	regular
SAC	BRK	Mon, Dec 11, 2023	10:00p	2024	17794	131	118	2:11	regular
LAC	POR	Mon, Dec 11, 2023	10:30p	2024	17102	132	127	2:28	regular
BOS	CLE	Tue, Dec 12, 2023	7:30p	2024	19156	120	113	2:02	regular
DAL	LAL	Tue, Dec 12, 2023	7:30p	2024	20377	127	125	2:21	regular
CHI	DEN	Tue, Dec 12, 2023	8:00p	2024	20775	106	114	2:20	regular
PHO	GSW	Tue, Dec 12, 2023	10:00p	2024	17071	119	116	2:38	regular
LAC	SAC	Tue, Dec 12, 2023	10:30p	2024	17060	119	99	2:11	regular
DET	PHI	Wed, Dec 13, 2023	7:00p	2024	16749	111	129	2:10	regular
WAS	NOP	Wed, Dec 13, 2023	7:00p	2024	14080	122	142	2:08	regular
MIA	CHO	Wed, Dec 13, 2023	7:30p	2024	19600	115	104	2:04	regular
TOR	ATL	Wed, Dec 13, 2023	7:30p	2024	19423	135	128	2:18	regular
HOU	MEM	Wed, Dec 13, 2023	8:00p	2024	16813	117	104	2:19	regular
MIL	IND	Wed, Dec 13, 2023	8:00p	2024	17431	140	126	2:48	regular
SAS	LAL	Wed, Dec 13, 2023	8:00p	2024	18354	119	122	2:14	regular
PHO	BRK	Wed, Dec 13, 2023	9:00p	2024	17071	112	116	2:20	regular
UTA	NYK	Wed, Dec 13, 2023	9:00p	2024	18206	117	113	2:29	regular
BOS	CLE	Thu, Dec 14, 2023	7:30p	2024	19156	116	107	2:07	regular
MIA	CHI	Thu, Dec 14, 2023	7:30p	2024	19653	116	124	2:19	regular
DAL	MIN	Thu, Dec 14, 2023	8:30p	2024	20177	101	119	2:12	regular
DEN	BRK	Thu, Dec 14, 2023	9:00p	2024	19636	124	101	2:12	regular
POR	UTA	Thu, Dec 14, 2023	10:00p	2024	17842	114	122	2:07	regular
SAC	OKC	Thu, Dec 14, 2023	10:00p	2024	17794	128	123	2:24	regular
LAC	GSW	Thu, Dec 14, 2023	10:30p	2024	19370	121	113	2:18	regular
CHO	NOP	Fri, Dec 15, 2023	7:00p	2024	16080	107	112	2:15	regular
PHI	DET	Fri, Dec 15, 2023	7:00p	2024	19761	124	92	2:11	regular
WAS	IND	Fri, Dec 15, 2023	7:00p	2024	15208	137	123	2:16	regular
BOS	ORL	Fri, Dec 15, 2023	7:30p	2024	19156	128	111	2:06	regular
SAS	LAL	Fri, Dec 15, 2023	7:30p	2024	18354	129	115	2:14	regular
TOR	ATL	Fri, Dec 15, 2023	7:30p	2024	19800	104	125	2:04	regular
MEM	HOU	Fri, Dec 15, 2023	8:00p	2024	16941	96	103	2:20	regular
PHO	NYK	Fri, Dec 15, 2023	10:00p	2024	17071	122	139	2:23	regular
MIL	DET	Sat, Dec 16, 2023	6:00p	2024	17666	146	114	2:13	regular
CHO	PHI	Sat, Dec 16, 2023	7:00p	2024	17829	82	135	2:01	regular
CLE	ATL	Sat, Dec 16, 2023	7:30p	2024	19432	127	119	2:09	regular
MIA	CHI	Sat, Dec 16, 2023	8:00p	2024	19815	118	116	2:09	regular
MIN	IND	Sat, Dec 16, 2023	8:00p	2024	18024	127	109	2:10	regular
GSW	BRK	Sat, Dec 16, 2023	8:30p	2024	18064	124	120	2:14	regular
DEN	OKC	Sat, Dec 16, 2023	9:00p	2024	19611	117	118	2:18	regular
POR	DAL	Sat, Dec 16, 2023	9:00p	2024	18439	120	131	2:12	regular
SAC	UTA	Sat, Dec 16, 2023	10:00p	2024	17794	125	104	2:06	regular
LAC	NYK	Sat, Dec 16, 2023	10:30p	2024	19370	144	122	2:15	regular
BOS	ORL	Sun, Dec 17, 2023	3:00p	2024	19156	114	97	2:10	regular
SAS	NOP	Sun, Dec 17, 2023	3:30p	2024	18354	110	146	2:06	regular
MIL	HOU	Sun, Dec 17, 2023	7:00p	2024	17341	128	119	2:21	regular
PHO	WAS	Sun, Dec 17, 2023	8:00p	2024	17071	112	108	2:26	regular
POR	GSW	Sun, Dec 17, 2023	9:00p	2024	18547	114	118	2:14	regular
CLE	HOU	Mon, Dec 18, 2023	7:00p	2024	19432	135	130	2:41	regular
IND	LAC	Mon, Dec 18, 2023	7:00p	2024	16665	127	151	2:15	regular
PHI	CHI	Mon, Dec 18, 2023	7:00p	2024	19773	104	108	2:09	regular
ATL	DET	Mon, Dec 18, 2023	7:30p	2024	17664	130	124	2:25	regular
MIA	MIN	Mon, Dec 18, 2023	7:30p	2024	19819	108	112	2:11	regular
TOR	CHO	Mon, Dec 18, 2023	7:30p	2024	19288	114	99	2:05	regular
OKC	MEM	Mon, Dec 18, 2023	8:00p	2024	16409	116	97	2:07	regular
DEN	DAL	Mon, Dec 18, 2023	9:00p	2024	19659	130	104	2:03	regular
UTA	BRK	Mon, Dec 18, 2023	9:00p	2024	18206	125	108	2:10	regular
SAC	WAS	Mon, Dec 18, 2023	10:00p	2024	17794	143	131	2:17	regular
LAL	NYK	Mon, Dec 18, 2023	10:30p	2024	18997	109	114	2:16	regular
NOP	MEM	Tue, Dec 19, 2023	7:30p	2024	18355	113	115	2:24	regular
MIL	SAS	Tue, Dec 19, 2023	8:00p	2024	17729	132	119	2:07	regular
GSW	BOS	Tue, Dec 19, 2023	10:00p	2024	18064	132	126	2:25	regular
POR	PHO	Tue, Dec 19, 2023	10:00p	2024	18233	109	104	2:17	regular
CLE	UTA	Wed, Dec 20, 2023	7:00p	2024	19432	124	116	2:07	regular
IND	CHO	Wed, Dec 20, 2023	7:00p	2024	16761	144	113	2:11	regular
ORL	MIA	Wed, Dec 20, 2023	7:00p	2024	19129	106	115	2:19	regular
PHI	MIN	Wed, Dec 20, 2023	7:00p	2024	20365	127	113	2:23	regular
BRK	NYK	Wed, Dec 20, 2023	7:30p	2024	18071	102	121	2:12	regular
TOR	DEN	Wed, Dec 20, 2023	7:30p	2024	19800	104	113	1:57	regular
CHI	LAL	Wed, Dec 20, 2023	8:00p	2024	21234	124	108	2:00	regular
HOU	ATL	Wed, Dec 20, 2023	8:00p	2024	18055	127	134	2:17	regular
DAL	LAC	Wed, Dec 20, 2023	8:30p	2024	20310	111	120	2:20	regular
SAC	BOS	Wed, Dec 20, 2023	10:00p	2024	17874	119	144	2:11	regular
DET	UTA	Thu, Dec 21, 2023	7:00p	2024	18122	111	119	2:08	regular
CLE	NOP	Thu, Dec 21, 2023	7:30p	2024	19432	104	123	1:55	regular
CHI	SAS	Thu, Dec 21, 2023	8:00p	2024	20697	114	95	2:02	regular
MEM	IND	Thu, Dec 21, 2023	8:00p	2024	18160	116	103	2:14	regular
MIL	ORL	Thu, Dec 21, 2023	8:00p	2024	17928	118	114	2:25	regular
OKC	LAC	Thu, Dec 21, 2023	8:00p	2024	18203	134	115	2:08	regular
MIN	LAL	Thu, Dec 21, 2023	9:00p	2024	18024	118	111	2:17	regular
POR	WAS	Thu, Dec 21, 2023	10:00p	2024	18690	117	118	2:23	regular
PHI	TOR	Fri, Dec 22, 2023	7:00p	2024	20230	121	111	2:13	regular
BRK	DEN	Fri, Dec 22, 2023	7:30p	2024	17732	117	122	2:17	regular
HOU	DAL	Fri, Dec 22, 2023	8:00p	2024	18055	122	96	2:09	regular
MIA	ATL	Fri, Dec 22, 2023	8:00p	2024	20029	122	113	2:19	regular
GSW	WAS	Fri, Dec 22, 2023	10:00p	2024	18064	129	118	2:16	regular
SAC	PHO	Fri, Dec 22, 2023	10:00p	2024	17794	120	105	2:18	regular
NYK	MIL	Sat, Dec 23, 2023	12:30p	2024	19812	111	130	2:11	regular
LAC	BOS	Sat, Dec 23, 2023	3:30p	2024	19370	108	145	2:09	regular
CHO	DEN	Sat, Dec 23, 2023	7:00p	2024	19165	95	102	2:09	regular
IND	ORL	Sat, Dec 23, 2023	7:00p	2024	17274	110	117	2:20	regular
NOP	HOU	Sat, Dec 23, 2023	7:00p	2024	17399	104	106	2:26	regular
ATL	MEM	Sat, Dec 23, 2023	7:30p	2024	17632	119	125	2:18	regular
BRK	DET	Sat, Dec 23, 2023	7:30p	2024	17732	126	115	2:20	regular
TOR	UTA	Sat, Dec 23, 2023	7:30p	2024	19420	119	126	2:06	regular
CHI	CLE	Sat, Dec 23, 2023	8:00p	2024	19583	95	109	2:07	regular
OKC	LAL	Sat, Dec 23, 2023	8:00p	2024	18203	120	129	2:08	regular
DAL	SAS	Sat, Dec 23, 2023	8:30p	2024	20409	144	119	2:07	regular
GSW	POR	Sat, Dec 23, 2023	8:30p	2024	18064	126	106	2:10	regular
SAC	MIN	Sat, Dec 23, 2023	10:00p	2024	17983	98	110	2:05	regular
NYK	MIL	Mon, Dec 25, 2023	12:00p	2024	19812	129	122	2:23	regular
DEN	GSW	Mon, Dec 25, 2023	2:30p	2024	19811	120	114	2:27	regular
LAL	BOS	Mon, Dec 25, 2023	5:00p	2024	18997	115	126	2:17	regular
MIA	PHI	Mon, Dec 25, 2023	8:00p	2024	20162	119	113	2:24	regular
PHO	DAL	Mon, Dec 25, 2023	10:30p	2024	17071	114	128	2:26	regular
DET	BRK	Tue, Dec 26, 2023	7:00p	2024	19811	112	118	2:27	regular
WAS	ORL	Tue, Dec 26, 2023	7:00p	2024	16293	119	127	2:20	regular
CHI	ATL	Tue, Dec 26, 2023	8:00p	2024	21420	118	113	2:18	regular
HOU	IND	Tue, Dec 26, 2023	8:00p	2024	18055	117	123	2:16	regular
NOP	MEM	Tue, Dec 26, 2023	8:00p	2024	18538	115	116	2:51	regular
OKC	MIN	Tue, Dec 26, 2023	8:00p	2024	18203	129	106	2:14	regular
SAS	UTA	Tue, Dec 26, 2023	8:00p	2024	18579	118	130	2:16	regular
POR	SAC	Tue, Dec 26, 2023	10:00p	2024	18585	130	113	2:06	regular
LAC	CHO	Tue, Dec 26, 2023	10:30p	2024	19370	113	104	2:06	regular
ORL	PHI	Wed, Dec 27, 2023	7:00p	2024	19179	92	112	2:15	regular
WAS	TOR	Wed, Dec 27, 2023	7:00p	2024	15437	102	132	2:06	regular
BRK	MIL	Wed, Dec 27, 2023	7:30p	2024	18199	122	144	2:16	regular
HOU	PHO	Wed, Dec 27, 2023	8:00p	2024	18055	113	129	2:14	regular
OKC	NYK	Wed, Dec 27, 2023	8:00p	2024	18203	129	120	2:16	regular
DAL	CLE	Wed, Dec 27, 2023	8:30p	2024	20377	110	113	2:15	regular
BOS	DET	Thu, Dec 28, 2023	7:30p	2024	19156	128	122	2:31	regular
CHI	IND	Thu, Dec 28, 2023	8:00p	2024	21568	104	120	2:13	regular
MIN	DAL	Thu, Dec 28, 2023	8:00p	2024	18024	118	110	2:24	regular
NOP	UTA	Thu, Dec 28, 2023	8:00p	2024	17753	112	105	2:07	regular
DEN	MEM	Thu, Dec 28, 2023	9:00p	2024	19733	142	105	2:06	regular
GSW	MIA	Thu, Dec 28, 2023	10:00p	2024	18064	102	114	2:18	regular
POR	SAS	Thu, Dec 28, 2023	10:00p	2024	19335	105	118	2:15	regular
LAL	CHO	Thu, Dec 28, 2023	10:30p	2024	18997	133	112	2:03	regular
ORL	NYK	Fri, Dec 29, 2023	7:00p	2024	19587	117	108	2:31	regular
WAS	BRK	Fri, Dec 29, 2023	7:00p	2024	16825	110	104	2:04	regular
ATL	SAC	Fri, Dec 29, 2023	7:30p	2024	18305	110	117	2:08	regular
BOS	TOR	Fri, Dec 29, 2023	7:30p	2024	19156	120	118	2:14	regular
CLE	MIL	Fri, Dec 29, 2023	7:30p	2024	19432	111	119	2:16	regular
HOU	PHI	Fri, Dec 29, 2023	8:00p	2024	18055	127	131	2:17	regular
DEN	OKC	Fri, Dec 29, 2023	9:00p	2024	19808	93	119	2:05	regular
PHO	CHO	Fri, Dec 29, 2023	9:00p	2024	17071	133	119	2:10	regular
POR	SAS	Fri, Dec 29, 2023	10:00p	2024	18861	134	128	2:13	regular
LAC	MEM	Fri, Dec 29, 2023	10:30p	2024	19370	117	106	2:15	regular
UTA	MIA	Sat, Dec 30, 2023	5:00p	2024	18206	117	109	2:18	regular
DET	TOR	Sat, Dec 30, 2023	6:00p	2024	18411	129	127	2:25	regular
IND	NYK	Sat, Dec 30, 2023	7:00p	2024	17274	140	126	2:14	regular
CHI	PHI	Sat, Dec 30, 2023	8:00p	2024	21648	105	92	2:10	regular
MIN	LAL	Sat, Dec 30, 2023	8:00p	2024	18024	108	106	2:29	regular
GSW	DAL	Sat, Dec 30, 2023	8:30p	2024	18064	122	132	2:13	regular
WAS	ATL	Sun, Dec 31, 2023	3:00p	2024	17042	126	130	2:18	regular
NOP	LAL	Sun, Dec 31, 2023	7:00p	2024	18434	129	109	2:07	regular
OKC	BRK	Sun, Dec 31, 2023	7:00p	2024	18203	124	108	2:19	regular
SAS	BOS	Sun, Dec 31, 2023	7:00p	2024	18886	101	134	1:57	regular
MEM	SAC	Sun, Dec 31, 2023	8:00p	2024	17794	92	123	2:06	regular
PHO	ORL	Sun, Dec 31, 2023	8:00p	2024	17071	112	107	2:06	regular
NYK	MIN	Mon, Jan 1, 2024	3:00p	2024	19812	112	106	2:28	regular
TOR	CLE	Mon, Jan 1, 2024	7:30p	2024	19800	124	121	2:28	regular
HOU	DET	Mon, Jan 1, 2024	8:00p	2024	18055	136	113	2:06	regular
MIL	IND	Mon, Jan 1, 2024	8:00p	2024	17922	113	122	2:22	regular
DEN	CHO	Mon, Jan 1, 2024	9:00p	2024	19625	111	93	2:01	regular
PHO	POR	Mon, Jan 1, 2024	9:00p	2024	17071	109	88	2:12	regular
UTA	DAL	Mon, Jan 1, 2024	9:00p	2024	18206	127	90	2:05	regular
LAC	MIA	Mon, Jan 1, 2024	10:30p	2024	19370	121	104	2:10	regular
PHI	CHI	Tue, Jan 2, 2024	7:00p	2024	19772	110	97	2:17	regular
MEM	SAS	Tue, Jan 2, 2024	8:00p	2024	17794	106	98	2:21	regular
NOP	BRK	Tue, Jan 2, 2024	8:00p	2024	16253	112	85	1:56	regular
OKC	BOS	Tue, Jan 2, 2024	8:00p	2024	18203	127	123	2:16	regular
GSW	ORL	Tue, Jan 2, 2024	10:00p	2024	18064	121	115	2:33	regular
SAC	CHO	Tue, Jan 2, 2024	10:00p	2024	17832	104	111	2:10	regular
CLE	WAS	Wed, Jan 3, 2024	7:00p	2024	19432	140	101	1:57	regular
IND	MIL	Wed, Jan 3, 2024	7:00p	2024	17274	142	130	2:35	regular
ATL	OKC	Wed, Jan 3, 2024	7:30p	2024	17770	141	138	2:27	regular
HOU	BRK	Wed, Jan 3, 2024	8:00p	2024	16563	112	101	2:15	regular
MEM	TOR	Wed, Jan 3, 2024	8:00p	2024	16385	111	116	2:13	regular
MIN	NOP	Wed, Jan 3, 2024	8:00p	2024	18024	106	117	2:11	regular
DAL	POR	Wed, Jan 3, 2024	8:30p	2024	20077	126	97	2:22	regular
NYK	CHI	Wed, Jan 3, 2024	8:30p	2024	19812	116	100	2:13	regular
PHO	LAC	Wed, Jan 3, 2024	9:00p	2024	17071	122	131	2:28	regular
UTA	DET	Wed, Jan 3, 2024	9:00p	2024	18206	154	148	2:43	regular
LAL	MIA	Wed, Jan 3, 2024	10:00p	2024	18997	96	110	2:14	regular
SAC	ORL	Wed, Jan 3, 2024	10:00p	2024	17832	138	135	2:59	regular
SAS	MIL	Thu, Jan 4, 2024	7:30p	2024	19082	121	125	2:16	regular
GSW	DEN	Thu, Jan 4, 2024	10:00p	2024	18064	127	130	2:22	regular
BOS	UTA	Fri, Jan 5, 2024	7:00p	2024	19156	126	97	2:10	regular
IND	ATL	Fri, Jan 5, 2024	7:00p	2024	17274	150	116	2:03	regular
BRK	OKC	Fri, Jan 5, 2024	7:30p	2024	18147	124	115	2:22	regular
CLE	WAS	Fri, Jan 5, 2024	7:30p	2024	19432	114	90	2:05	regular
PHI	NYK	Fri, Jan 5, 2024	7:30p	2024	20461	92	128	2:21	regular
CHI	CHO	Fri, Jan 5, 2024	8:00p	2024	21345	104	91	2:06	regular
HOU	MIN	Fri, Jan 5, 2024	8:00p	2024	18055	95	122	2:04	regular
NOP	LAC	Fri, Jan 5, 2024	8:00p	2024	18329	95	111	1:58	regular
DAL	POR	Fri, Jan 5, 2024	8:30p	2024	20162	139	103	2:05	regular
DEN	ORL	Fri, Jan 5, 2024	9:00p	2024	19659	120	122	2:15	regular
PHO	MIA	Fri, Jan 5, 2024	9:00p	2024	17071	113	97	2:07	regular
GSW	DET	Fri, Jan 5, 2024	10:00p	2024	18064	113	109	2:19	regular
LAL	MEM	Fri, Jan 5, 2024	10:00p	2024	18997	113	127	2:15	regular
SAC	TOR	Fri, Jan 5, 2024	10:00p	2024	17941	135	130	2:21	regular
IND	BOS	Sat, Jan 6, 2024	7:00p	2024	17274	101	118	2:11	regular
WAS	NYK	Sat, Jan 6, 2024	7:00p	2024	20333	105	121	2:10	regular
PHI	UTA	Sat, Jan 6, 2024	7:30p	2024	20278	109	120	2:13	regular
HOU	MIL	Sat, Jan 6, 2024	8:00p	2024	18055	112	108	2:37	regular
CLE	SAS	Sun, Jan 7, 2024	1:00p	2024	19432	117	115	2:18	regular
BRK	POR	Sun, Jan 7, 2024	3:00p	2024	17732	127	134	2:40	regular
ORL	ATL	Sun, Jan 7, 2024	6:00p	2024	19349	117	110	2:35	regular
SAC	NOP	Sun, Jan 7, 2024	6:00p	2024	17832	100	133	1:56	regular
DAL	MIN	Sun, Jan 7, 2024	7:30p	2024	20111	115	108	2:17	regular
DEN	DET	Sun, Jan 7, 2024	8:00p	2024	19623	131	114	2:15	regular
PHO	MEM	Sun, Jan 7, 2024	8:00p	2024	17071	115	121	2:21	regular
GSW	TOR	Sun, Jan 7, 2024	8:30p	2024	18064	118	133	2:00	regular
LAL	LAC	Sun, Jan 7, 2024	9:30p	2024	18997	106	103	2:16	regular
CHO	CHI	Mon, Jan 8, 2024	7:00p	2024	14418	112	119	2:18	regular
IND	BOS	Mon, Jan 8, 2024	7:00p	2024	16009	133	131	2:24	regular
WAS	OKC	Mon, Jan 8, 2024	7:00p	2024	15297	128	136	2:16	regular
MIA	HOU	Mon, Jan 8, 2024	7:30p	2024	19694	120	113	2:19	regular
MIL	UTA	Mon, Jan 8, 2024	8:00p	2024	17341	116	132	2:10	regular
LAC	PHO	Mon, Jan 8, 2024	10:30p	2024	19370	138	111	2:11	regular
DET	SAC	Tue, Jan 9, 2024	7:00p	2024	13992	110	131	2:12	regular
ORL	MIN	Tue, Jan 9, 2024	7:00p	2024	19223	92	113	2:07	regular
NYK	POR	Tue, Jan 9, 2024	7:30p	2024	19812	112	84	2:04	regular
DAL	MEM	Tue, Jan 9, 2024	8:30p	2024	20116	103	120	2:18	regular
LAL	TOR	Tue, Jan 9, 2024	10:30p	2024	18997	132	131	2:28	regular
BOS	MIN	Wed, Jan 10, 2024	7:00p	2024	19156	127	120	2:37	regular
CHO	SAC	Wed, Jan 10, 2024	7:00p	2024	14173	98	123	2:02	regular
DET	SAS	Wed, Jan 10, 2024	7:00p	2024	17833	108	130	2:05	regular
IND	WAS	Wed, Jan 10, 2024	7:00p	2024	15721	112	104	2:17	regular
ATL	PHI	Wed, Jan 10, 2024	7:30p	2024	16089	139	132	2:37	regular
MIA	OKC	Wed, Jan 10, 2024	7:30p	2024	19636	120	128	2:14	regular
CHI	HOU	Wed, Jan 10, 2024	8:00p	2024	21149	124	119	2:36	regular
GSW	NOP	Wed, Jan 10, 2024	8:30p	2024	18064	105	141	2:13	regular
UTA	DEN	Wed, Jan 10, 2024	10:00p	2024	18206	124	111	2:23	regular
LAC	TOR	Wed, Jan 10, 2024	10:30p	2024	19370	126	120	2:07	regular
CLE	BRK	Thu, Jan 11, 2024	2:00p	2024	15887	111	102	2:31	regular
MIL	BOS	Thu, Jan 11, 2024	7:30p	2024	17781	135	102	2:12	regular
OKC	POR	Thu, Jan 11, 2024	8:00p	2024	15828	139	77	1:58	regular
DAL	NYK	Thu, Jan 11, 2024	8:30p	2024	20040	128	124	2:24	regular
LAL	PHO	Thu, Jan 11, 2024	10:00p	2024	18416	109	127	2:19	regular
ATL	IND	Fri, Jan 12, 2024	7:30p	2024	15596	108	126	2:06	regular
DET	HOU	Fri, Jan 12, 2024	7:30p	2024	13987	110	112	2:10	regular
PHI	SAC	Fri, Jan 12, 2024	7:30p	2024	19766	112	93	2:16	regular
CHI	GSW	Fri, Jan 12, 2024	8:00p	2024	21153	131	140	2:19	regular
MEM	LAC	Fri, Jan 12, 2024	8:00p	2024	16617	119	128	2:07	regular
MIA	ORL	Fri, Jan 12, 2024	8:00p	2024	19650	99	96	2:27	regular
MIN	POR	Fri, Jan 12, 2024	8:00p	2024	18024	116	93	2:12	regular
SAS	CHO	Fri, Jan 12, 2024	8:00p	2024	18073	135	99	2:21	regular
UTA	TOR	Fri, Jan 12, 2024	9:30p	2024	18206	145	113	2:10	regular
DEN	NOP	Fri, Jan 12, 2024	10:00p	2024	19638	125	113	2:16	regular
BOS	HOU	Sat, Jan 13, 2024	7:00p	2024	19156	145	113	2:06	regular
ATL	WAS	Sat, Jan 13, 2024	7:30p	2024	17108	99	127	2:14	regular
MEM	NYK	Sat, Jan 13, 2024	8:00p	2024	16598	94	106	2:02	regular
MIL	GSW	Sat, Jan 13, 2024	8:00p	2024	18009	129	118	2:08	regular
OKC	ORL	Sat, Jan 13, 2024	8:00p	2024	18203	112	100	2:10	regular
DAL	NOP	Sat, Jan 13, 2024	8:30p	2024	20155	108	118	2:10	regular
SAS	CHI	Sat, Jan 13, 2024	8:30p	2024	18354	116	122	2:08	regular
UTA	LAL	Sat, Jan 13, 2024	9:30p	2024	18206	132	125	2:18	regular
DEN	IND	Sun, Jan 14, 2024	3:30p	2024	19631	117	109	2:17	regular
MIA	CHO	Sun, Jan 14, 2024	6:00p	2024	19831	104	87	2:14	regular
MIL	SAC	Sun, Jan 14, 2024	7:00p	2024	17612	143	142	2:39	regular
MIN	LAC	Sun, Jan 14, 2024	7:00p	2024	18024	109	105	2:26	regular
POR	PHO	Sun, Jan 14, 2024	9:00p	2024	18071	116	127	2:13	regular
PHI	HOU	Mon, Jan 15, 2024	1:00p	2024	20822	124	115	2:25	regular
DAL	NOP	Mon, Jan 15, 2024	2:30p	2024	20010	125	120	2:29	regular
NYK	ORL	Mon, Jan 15, 2024	3:00p	2024	19812	94	98	2:16	regular
WAS	DET	Mon, Jan 15, 2024	3:00p	2024	15156	117	129	2:06	regular
ATL	SAS	Mon, Jan 15, 2024	3:30p	2024	17447	109	99	2:17	regular
MEM	GSW	Mon, Jan 15, 2024	6:00p	2024	16612	116	107	2:22	regular
CLE	CHI	Mon, Jan 15, 2024	7:00p	2024	19432	109	91	2:10	regular
BRK	MIA	Mon, Jan 15, 2024	7:30p	2024	17893	95	96	2:28	regular
TOR	BOS	Mon, Jan 15, 2024	7:30p	2024	19278	96	105	2:06	regular
UTA	IND	Mon, Jan 15, 2024	9:00p	2024	18206	132	105	2:15	regular
LAL	OKC	Mon, Jan 15, 2024	10:30p	2024	18997	112	105	2:05	regular
PHI	DEN	Tue, Jan 16, 2024	7:30p	2024	19775	126	121	2:28	regular
PHO	SAC	Tue, Jan 16, 2024	9:00p	2024	17071	119	117	2:14	regular
LAC	OKC	Tue, Jan 16, 2024	10:00p	2024	19370	128	117	2:20	regular
DET	MIN	Wed, Jan 17, 2024	7:00p	2024	16022	117	124	2:07	regular
ATL	ORL	Wed, Jan 17, 2024	7:30p	2024	14541	106	104	2:14	regular
BOS	SAS	Wed, Jan 17, 2024	7:30p	2024	19156	117	98	2:00	regular
CLE	MIL	Wed, Jan 17, 2024	7:30p	2024	19432	135	95	2:02	regular
NYK	HOU	Wed, Jan 17, 2024	7:30p	2024	19439	109	94	2:15	regular
TOR	MIA	Wed, Jan 17, 2024	7:30p	2024	19631	121	97	2:01	regular
NOP	CHO	Wed, Jan 17, 2024	8:00p	2024	16093	132	112	2:04	regular
LAL	DAL	Wed, Jan 17, 2024	8:30p	2024	18338	127	110	2:17	regular
POR	BRK	Wed, Jan 17, 2024	10:00p	2024	17021	105	103	2:13	regular
NYK	WAS	Thu, Jan 18, 2024	7:30p	2024	19466	113	109	2:24	regular
TOR	CHI	Thu, Jan 18, 2024	7:30p	2024	19312	110	116	2:13	regular
UTA	OKC	Thu, Jan 18, 2024	9:00p	2024	18206	129	134	2:24	regular
MIN	MEM	Thu, Jan 18, 2024	10:00p	2024	18024	118	103	2:15	regular
SAC	IND	Thu, Jan 18, 2024	10:00p	2024	17832	121	126	2:24	regular
CHO	SAS	Fri, Jan 19, 2024	7:00p	2024	19093	124	120	2:10	regular
ORL	PHI	Fri, Jan 19, 2024	7:00p	2024	19063	109	124	2:16	regular
BOS	DEN	Fri, Jan 19, 2024	7:30p	2024	19156	100	102	2:12	regular
MIA	ATL	Fri, Jan 19, 2024	8:00p	2024	20040	108	109	2:34	regular
NOP	PHO	Fri, Jan 19, 2024	8:00p	2024	18686	109	123	2:07	regular
POR	IND	Fri, Jan 19, 2024	10:00p	2024	18595	118	115	2:26	regular
LAL	BRK	Fri, Jan 19, 2024	10:30p	2024	18997	112	130	2:11	regular
DET	MIL	Sat, Jan 20, 2024	3:00p	2024	19996	135	141	2:27	regular
CHO	PHI	Sat, Jan 20, 2024	7:00p	2024	18261	89	97	2:09	regular
WAS	SAS	Sat, Jan 20, 2024	7:00p	2024	17922	127	131	2:17	regular
ATL	CLE	Sat, Jan 20, 2024	7:30p	2024	17047	95	116	2:04	regular
NYK	TOR	Sat, Jan 20, 2024	7:30p	2024	19812	126	100	2:11	regular
CHI	MEM	Sat, Jan 20, 2024	8:00p	2024	21441	125	96	2:07	regular
HOU	UTA	Sat, Jan 20, 2024	8:00p	2024	16618	127	126	2:41	regular
MIN	OKC	Sat, Jan 20, 2024	8:00p	2024	18024	97	102	2:24	regular
LAC	BRK	Sun, Jan 21, 2024	3:30p	2024	19370	125	114	2:20	regular
ORL	MIA	Sun, Jan 21, 2024	6:00p	2024	18102	105	87	2:17	regular
WAS	DEN	Sun, Jan 21, 2024	6:00p	2024	17107	104	113	2:09	regular
HOU	BOS	Sun, Jan 21, 2024	7:00p	2024	18055	107	116	2:09	regular
PHO	IND	Sun, Jan 21, 2024	8:00p	2024	17071	117	110	2:19	regular
LAL	POR	Sun, Jan 21, 2024	10:00p	2024	18997	134	110	2:04	regular
DET	MIL	Mon, Jan 22, 2024	7:00p	2024	17201	113	122	2:19	regular
ORL	CLE	Mon, Jan 22, 2024	7:00p	2024	19301	99	126	2:12	regular
PHI	SAS	Mon, Jan 22, 2024	7:00p	2024	20511	133	123	2:19	regular
TOR	MEM	Mon, Jan 22, 2024	7:30p	2024	18577	100	108	2:06	regular
MIN	CHO	Mon, Jan 22, 2024	8:00p	2024	18024	125	128	2:11	regular
DAL	BOS	Mon, Jan 22, 2024	8:30p	2024	20277	110	119	2:07	regular
PHO	CHI	Mon, Jan 22, 2024	9:00p	2024	17071	115	113	2:11	regular
SAC	ATL	Mon, Jan 22, 2024	10:00p	2024	17832	122	107	2:13	regular
IND	DEN	Tue, Jan 23, 2024	7:00p	2024	16004	109	114	2:16	regular
BRK	NYK	Tue, Jan 23, 2024	7:30p	2024	17732	103	108	2:12	regular
NOP	UTA	Tue, Jan 23, 2024	8:00p	2024	16032	153	124	2:05	regular
OKC	POR	Tue, Jan 23, 2024	8:00p	2024	15874	111	109	2:11	regular
LAC	LAL	Tue, Jan 23, 2024	10:00p	2024	19370	127	116	2:10	regular
DET	CHO	Wed, Jan 24, 2024	7:00p	2024	15020	113	106	2:10	regular
WAS	MIN	Wed, Jan 24, 2024	7:00p	2024	15446	107	118	2:20	regular
MIA	MEM	Wed, Jan 24, 2024	7:30p	2024	19600	96	105	2:13	regular
HOU	POR	Wed, Jan 24, 2024	8:00p	2024	18055	131	137	2:25	regular
MIL	CLE	Wed, Jan 24, 2024	8:00p	2024	17510	126	116	2:09	regular
DAL	PHO	Wed, Jan 24, 2024	8:30p	2024	20202	109	132	2:22	regular
SAS	OKC	Wed, Jan 24, 2024	9:30p	2024	18130	114	140	2:13	regular
GSW	ATL	Wed, Jan 24, 2024	10:00p	2024	18064	134	112	2:08	regular
IND	PHI	Thu, Jan 25, 2024	7:00p	2024	15699	134	122	2:30	regular
WAS	UTA	Thu, Jan 25, 2024	7:00p	2024	14027	108	123	2:02	regular
BRK	MIN	Thu, Jan 25, 2024	7:30p	2024	17732	94	96	2:15	regular
MIA	BOS	Thu, Jan 25, 2024	7:30p	2024	20074	110	143	2:02	regular
NYK	DEN	Thu, Jan 25, 2024	7:30p	2024	19812	122	84	2:05	regular
GSW	SAC	Thu, Jan 25, 2024	10:00p	2024	18064	133	134	2:24	regular
LAL	CHI	Thu, Jan 25, 2024	10:30p	2024	18997	141	132	2:15	regular
ATL	DAL	Fri, Jan 26, 2024	7:00p	2024	16149	143	148	2:24	regular
CHO	HOU	Fri, Jan 26, 2024	7:00p	2024	16164	104	138	2:14	regular
IND	PHO	Fri, Jan 26, 2024	7:00p	2024	17274	133	131	2:17	regular
TOR	LAC	Fri, Jan 26, 2024	7:30p	2024	19800	107	127	2:11	regular
MEM	ORL	Fri, Jan 26, 2024	8:00p	2024	16823	107	106	2:15	regular
MIL	CLE	Fri, Jan 26, 2024	8:00p	2024	17855	100	112	2:27	regular
NOP	OKC	Fri, Jan 26, 2024	8:00p	2024	18624	83	107	2:00	regular
SAS	POR	Fri, Jan 26, 2024	9:30p	2024	17274	116	100	2:09	regular
DET	WAS	Sat, Jan 27, 2024	12:00p	2024	16922	104	118	2:08	regular
NYK	MIA	Sat, Jan 27, 2024	3:00p	2024	19812	125	109	2:23	regular
DEN	PHI	Sat, Jan 27, 2024	5:30p	2024	19805	111	105	2:22	regular
BRK	HOU	Sat, Jan 27, 2024	6:00p	2024	17732	106	104	2:26	regular
BOS	LAC	Sat, Jan 27, 2024	7:00p	2024	19156	96	115	2:03	regular
CHO	UTA	Sat, Jan 27, 2024	7:00p	2024	17633	122	134	2:04	regular
MIL	NOP	Sat, Jan 27, 2024	8:00p	2024	17940	141	117	2:14	regular
GSW	LAL	Sat, Jan 27, 2024	8:30p	2024	18064	144	145	3:17	regular
SAS	MIN	Sat, Jan 27, 2024	8:30p	2024	17726	113	112	2:04	regular
DAL	SAC	Sat, Jan 27, 2024	9:00p	2024	20373	115	120	2:23	regular
DET	OKC	Sun, Jan 28, 2024	2:00p	2024	16861	120	104	1:56	regular
IND	MEM	Sun, Jan 28, 2024	3:30p	2024	16519	116	110	2:15	regular
ATL	TOR	Sun, Jan 28, 2024	6:00p	2024	15658	126	125	2:20	regular
ORL	PHO	Sun, Jan 28, 2024	6:00p	2024	18823	113	98	2:24	regular
POR	CHI	Sun, Jan 28, 2024	9:00p	2024	17899	96	104	2:11	regular
CHO	NYK	Mon, Jan 29, 2024	7:00p	2024	15546	92	113	2:03	regular
CLE	LAC	Mon, Jan 29, 2024	7:00p	2024	19432	118	108	2:18	regular
BOS	NOP	Mon, Jan 29, 2024	7:30p	2024	19156	118	112	2:08	regular
BRK	UTA	Mon, Jan 29, 2024	7:30p	2024	16054	147	114	2:10	regular
MIA	PHO	Mon, Jan 29, 2024	7:30p	2024	19600	105	118	2:12	regular
HOU	LAL	Mon, Jan 29, 2024	8:00p	2024	18055	135	119	2:12	regular
MEM	SAC	Mon, Jan 29, 2024	8:00p	2024	15333	94	103	2:00	regular
OKC	MIN	Mon, Jan 29, 2024	8:00p	2024	16870	101	107	2:10	regular
SAS	WAS	Mon, Jan 29, 2024	8:00p	2024	17020	113	118	2:10	regular
DAL	ORL	Mon, Jan 29, 2024	8:30p	2024	20020	131	129	2:35	regular
DEN	MIL	Mon, Jan 29, 2024	9:00p	2024	19801	113	107	2:19	regular
POR	PHI	Mon, Jan 29, 2024	10:00p	2024	17128	130	104	2:12	regular
ATL	LAL	Tue, Jan 30, 2024	7:30p	2024	17871	138	122	2:06	regular
BOS	IND	Tue, Jan 30, 2024	7:30p	2024	19156	129	124	2:25	regular
NYK	UTA	Tue, Jan 30, 2024	7:30p	2024	19133	118	103	2:03	regular
CHI	TOR	Tue, Jan 30, 2024	8:00p	2024	21259	107	118	2:16	regular
GSW	PHI	Tue, Jan 30, 2024	10:00p	2024	18064	119	107	2:22	regular
CHO	CHI	Wed, Jan 31, 2024	7:00p	2024	13712	110	117	2:09	regular
CLE	DET	Wed, Jan 31, 2024	7:00p	2024	19432	128	121	2:13	regular
WAS	LAC	Wed, Jan 31, 2024	7:00p	2024	17201	109	125	2:06	regular
MIA	SAC	Wed, Jan 31, 2024	7:30p	2024	19600	115	106	2:06	regular
HOU	NOP	Wed, Jan 31, 2024	8:00p	2024	18055	99	110	2:14	regular
MIN	DAL	Wed, Jan 31, 2024	8:00p	2024	18024	121	87	2:11	regular
OKC	DEN	Wed, Jan 31, 2024	8:00p	2024	16723	105	100	2:16	regular
SAS	ORL	Wed, Jan 31, 2024	8:00p	2024	17081	98	108	2:11	regular
BRK	PHO	Wed, Jan 31, 2024	8:30p	2024	17732	120	136	2:22	regular
POR	MIL	Wed, Jan 31, 2024	10:00p	2024	19335	119	116	2:24	regular
BOS	LAL	Thu, Feb 1, 2024	7:30p	2024	19156	105	114	2:13	regular
NYK	IND	Thu, Feb 1, 2024	7:30p	2024	19812	109	105	2:17	regular
MEM	CLE	Thu, Feb 1, 2024	8:00p	2024	15505	101	108	2:13	regular
UTA	PHI	Thu, Feb 1, 2024	10:00p	2024	18206	124	127	2:26	regular
DET	LAC	Fri, Feb 2, 2024	7:00p	2024	19122	125	136	2:05	regular
WAS	MIA	Fri, Feb 2, 2024	7:00p	2024	18308	102	110	2:23	regular
ATL	PHO	Fri, Feb 2, 2024	7:30p	2024	16536	129	120	2:10	regular
IND	SAC	Fri, Feb 2, 2024	7:30p	2024	17274	122	133	2:17	regular
HOU	TOR	Fri, Feb 2, 2024	8:00p	2024	18055	135	106	2:03	regular
MEM	GSW	Fri, Feb 2, 2024	8:00p	2024	17794	101	121	2:20	regular
MIN	ORL	Fri, Feb 2, 2024	8:00p	2024	18024	106	108	2:16	regular
OKC	CHO	Fri, Feb 2, 2024	8:00p	2024	17552	126	106	2:04	regular
SAS	NOP	Fri, Feb 2, 2024	8:00p	2024	17207	113	114	2:12	regular
DEN	POR	Fri, Feb 2, 2024	9:00p	2024	19622	120	108	2:06	regular
PHI	BRK	Sat, Feb 3, 2024	6:00p	2024	20673	121	136	2:11	regular
ATL	GSW	Sat, Feb 3, 2024	7:30p	2024	17600	141	134	2:31	regular
CHI	SAC	Sat, Feb 3, 2024	8:00p	2024	21579	115	123	2:14	regular
DAL	MIL	Sat, Feb 3, 2024	8:30p	2024	20377	117	129	2:18	regular
NYK	LAL	Sat, Feb 3, 2024	8:30p	2024	19812	105	113	2:18	regular
SAS	CLE	Sat, Feb 3, 2024	8:30p	2024	18354	101	117	2:14	regular
DET	ORL	Sun, Feb 4, 2024	3:00p	2024	17982	99	111	2:08	regular
WAS	PHO	Sun, Feb 4, 2024	3:30p	2024	16984	112	140	2:10	regular
BOS	MEM	Sun, Feb 4, 2024	6:00p	2024	19156	131	91	1:57	regular
CHO	IND	Sun, Feb 4, 2024	6:00p	2024	15687	99	115	2:14	regular
MIA	LAC	Sun, Feb 4, 2024	6:00p	2024	19855	95	103	2:17	regular
MIN	HOU	Sun, Feb 4, 2024	7:00p	2024	18024	111	90	2:15	regular
OKC	TOR	Sun, Feb 4, 2024	7:00p	2024	17059	135	127	2:33	regular
UTA	MIL	Sun, Feb 4, 2024	8:00p	2024	18206	123	108	2:15	regular
DEN	POR	Sun, Feb 4, 2024	8:30p	2024	19715	112	103	2:00	regular
CHO	LAL	Mon, Feb 5, 2024	7:00p	2024	19375	118	124	2:02	regular
CLE	SAC	Mon, Feb 5, 2024	7:00p	2024	19432	136	110	2:08	regular
PHI	DAL	Mon, Feb 5, 2024	7:00p	2024	19764	102	118	2:08	regular
ATL	LAC	Mon, Feb 5, 2024	7:30p	2024	17093	144	149	2:21	regular
BRK	GSW	Mon, Feb 5, 2024	7:30p	2024	17919	98	109	2:21	regular
NOP	TOR	Mon, Feb 5, 2024	8:00p	2024	17429	138	100	1:59	regular
IND	HOU	Tue, Feb 6, 2024	7:00p	2024	15571	132	129	2:09	regular
BRK	DAL	Tue, Feb 6, 2024	7:30p	2024	17732	107	119	2:11	regular
MIA	ORL	Tue, Feb 6, 2024	7:30p	2024	19600	121	95	2:08	regular
NYK	MEM	Tue, Feb 6, 2024	7:30p	2024	19013	123	113	2:05	regular
CHI	MIN	Tue, Feb 6, 2024	8:00p	2024	20949	129	123	2:40	regular
UTA	OKC	Tue, Feb 6, 2024	9:00p	2024	18206	124	117	2:08	regular
PHO	MIL	Tue, Feb 6, 2024	10:00p	2024	17071	114	106	2:35	regular
CHO	TOR	Wed, Feb 7, 2024	7:00p	2024	11720	117	123	2:12	regular
WAS	CLE	Wed, Feb 7, 2024	7:00p	2024	15860	106	114	2:13	regular
BOS	ATL	Wed, Feb 7, 2024	7:30p	2024	19156	125	117	1:58	regular
MIA	SAS	Wed, Feb 7, 2024	7:30p	2024	19652	116	104	2:09	regular
PHI	GSW	Wed, Feb 7, 2024	7:30p	2024	19780	104	127	2:14	regular
LAC	NOP	Wed, Feb 7, 2024	10:00p	2024	19370	106	117	2:17	regular
SAC	DET	Wed, Feb 7, 2024	10:00p	2024	17832	120	133	2:09	regular
IND	GSW	Thu, Feb 8, 2024	7:00p	2024	17274	109	131	2:08	regular
ORL	SAS	Thu, Feb 8, 2024	7:00p	2024	19074	127	111	2:15	regular
BRK	CLE	Thu, Feb 8, 2024	7:30p	2024	17304	95	118	2:03	regular
NYK	DAL	Thu, Feb 8, 2024	7:30p	2024	19812	108	122	2:12	regular
MEM	CHI	Thu, Feb 8, 2024	8:00p	2024	16285	110	118	2:13	regular
MIL	MIN	Thu, Feb 8, 2024	8:00p	2024	17577	105	129	2:05	regular
PHO	UTA	Thu, Feb 8, 2024	9:00p	2024	17071	129	115	2:11	regular
LAL	DEN	Thu, Feb 8, 2024	10:00p	2024	18997	106	114	2:12	regular
POR	DET	Thu, Feb 8, 2024	10:00p	2024	18125	122	128	2:39	regular
PHI	ATL	Fri, Feb 9, 2024	7:00p	2024	19758	121	127	2:24	regular
BOS	WAS	Fri, Feb 9, 2024	7:30p	2024	19156	133	129	2:14	regular
TOR	HOU	Fri, Feb 9, 2024	7:30p	2024	19800	107	104	2:19	regular
MIL	CHO	Fri, Feb 9, 2024	8:00p	2024	17690	120	84	2:08	regular
SAC	DEN	Fri, Feb 9, 2024	10:00p	2024	17832	135	106	2:10	regular
LAL	NOP	Fri, Feb 9, 2024	10:30p	2024	18997	139	122	2:13	regular
DAL	OKC	Sat, Feb 10, 2024	3:00p	2024	20277	146	111	2:14	regular
LAC	DET	Sat, Feb 10, 2024	3:30p	2024	19370	112	106	2:13	regular
BRK	SAS	Sat, Feb 10, 2024	6:00p	2024	18005	123	103	2:10	regular
CHO	MEM	Sat, Feb 10, 2024	7:00p	2024	17259	115	106	1:56	regular
ORL	CHI	Sat, Feb 10, 2024	7:00p	2024	19459	114	108	2:21	regular
WAS	PHI	Sat, Feb 10, 2024	7:00p	2024	20333	113	119	2:13	regular
ATL	HOU	Sat, Feb 10, 2024	7:30p	2024	17503	122	113	2:19	regular
NYK	IND	Sat, Feb 10, 2024	7:30p	2024	19812	111	125	2:06	regular
TOR	CLE	Sat, Feb 10, 2024	7:30p	2024	19800	95	119	2:03	regular
GSW	PHO	Sat, Feb 10, 2024	8:30p	2024	18064	113	112	2:25	regular
POR	NOP	Sat, Feb 10, 2024	10:00p	2024	18226	84	93	2:02	regular
MIA	BOS	Sun, Feb 11, 2024	2:00p	2024	20049	106	110	2:21	regular
OKC	SAC	Sun, Feb 11, 2024	3:00p	2024	17092	127	113	2:12	regular
CHO	IND	Mon, Feb 12, 2024	7:00p	2024	12112	111	102	2:04	regular
CLE	PHI	Mon, Feb 12, 2024	7:00p	2024	19432	121	123	2:21	regular
ATL	CHI	Mon, Feb 12, 2024	7:30p	2024	16524	126	136	2:15	regular
TOR	SAS	Mon, Feb 12, 2024	7:30p	2024	19800	99	122	2:05	regular
HOU	NYK	Mon, Feb 12, 2024	8:00p	2024	16790	105	103	2:22	regular
MEM	NOP	Mon, Feb 12, 2024	8:00p	2024	15823	87	96	2:06	regular
MIL	DEN	Mon, Feb 12, 2024	8:00p	2024	17444	112	95	2:04	regular
DAL	WAS	Mon, Feb 12, 2024	8:30p	2024	19921	112	104	2:16	regular
UTA	GSW	Mon, Feb 12, 2024	9:00p	2024	18206	107	129	2:06	regular
LAC	MIN	Mon, Feb 12, 2024	10:30p	2024	19370	100	121	2:06	regular
BRK	BOS	Tue, Feb 13, 2024	7:30p	2024	18053	110	118	2:14	regular
ORL	OKC	Tue, Feb 13, 2024	7:30p	2024	19301	113	127	2:18	regular
MIL	MIA	Tue, Feb 13, 2024	8:00p	2024	17520	97	123	2:06	regular
PHO	SAC	Tue, Feb 13, 2024	10:00p	2024	17071	130	125	2:31	regular
POR	MIN	Tue, Feb 13, 2024	10:00p	2024	17906	109	121	2:12	regular
LAL	DET	Tue, Feb 13, 2024	10:30p	2024	18997	125	111	2:07	regular
CHO	ATL	Wed, Feb 14, 2024	7:00p	2024	14336	122	99	2:06	regular
ORL	NYK	Wed, Feb 14, 2024	7:00p	2024	19259	118	100	2:08	regular
PHI	MIA	Wed, Feb 14, 2024	7:00p	2024	20015	104	109	2:13	regular
BOS	BRK	Wed, Feb 14, 2024	7:30p	2024	19156	136	86	1:54	regular
CLE	CHI	Wed, Feb 14, 2024	7:30p	2024	19432	108	105	2:20	regular
TOR	IND	Wed, Feb 14, 2024	7:30p	2024	19800	125	127	2:13	regular
MEM	HOU	Wed, Feb 14, 2024	8:00p	2024	15012	121	113	2:22	regular
NOP	WAS	Wed, Feb 14, 2024	8:00p	2024	18316	133	126	2:30	regular
DAL	SAS	Wed, Feb 14, 2024	8:30p	2024	20311	116	93	1:58	regular
DEN	SAC	Wed, Feb 14, 2024	9:00p	2024	19617	98	102	2:15	regular
PHO	DET	Wed, Feb 14, 2024	9:00p	2024	17071	116	100	2:18	regular
UTA	LAL	Wed, Feb 14, 2024	9:00p	2024	18206	122	138	2:06	regular
GSW	LAC	Wed, Feb 14, 2024	10:00p	2024	18064	125	130	2:33	regular
MEM	MIL	Thu, Feb 15, 2024	8:30p	2024	16544	113	110	2:28	regular
UTA	GSW	Thu, Feb 15, 2024	9:00p	2024	18206	137	140	2:14	regular
POR	MIN	Thu, Feb 15, 2024	10:00p	2024	18606	91	128	2:10	regular
CLE	ORL	Thu, Feb 22, 2024	7:00p	2024	19432	109	116	2:15	regular
IND	DET	Thu, Feb 22, 2024	7:00p	2024	16506	129	115	2:08	regular
PHI	NYK	Thu, Feb 22, 2024	7:00p	2024	21094	96	110	2:13	regular
TOR	BRK	Thu, Feb 22, 2024	7:00p	2024	19800	121	93	2:13	regular
DAL	PHO	Thu, Feb 22, 2024	7:30p	2024	20377	123	113	2:25	regular
CHI	BOS	Thu, Feb 22, 2024	8:00p	2024	20313	112	129	2:03	regular
NOP	HOU	Thu, Feb 22, 2024	8:00p	2024	17421	127	105	2:18	regular
OKC	LAC	Thu, Feb 22, 2024	8:00p	2024	18203	129	107	2:00	regular
DEN	WAS	Thu, Feb 22, 2024	9:00p	2024	19621	130	110	2:03	regular
UTA	CHO	Thu, Feb 22, 2024	9:00p	2024	18206	107	115	2:14	regular
GSW	LAL	Thu, Feb 22, 2024	10:00p	2024	18064	128	110	2:15	regular
SAC	SAS	Thu, Feb 22, 2024	10:00p	2024	18153	127	122	2:03	regular
ATL	TOR	Fri, Feb 23, 2024	7:30p	2024	17625	121	123	2:09	regular
PHI	CLE	Fri, Feb 23, 2024	7:30p	2024	19938	104	97	2:19	regular
HOU	PHO	Fri, Feb 23, 2024	8:00p	2024	18055	114	110	2:32	regular
MEM	LAC	Fri, Feb 23, 2024	8:00p	2024	17255	95	101	2:12	regular
NOP	MIA	Fri, Feb 23, 2024	8:00p	2024	18658	95	106	2:26	regular
OKC	WAS	Fri, Feb 23, 2024	8:00p	2024	18203	147	106	2:03	regular
GSW	CHO	Fri, Feb 23, 2024	10:00p	2024	18064	97	84	2:08	regular
MIN	MIL	Fri, Feb 23, 2024	10:00p	2024	18024	107	112	2:17	regular
POR	DEN	Fri, Feb 23, 2024	10:00p	2024	18898	112	127	2:08	regular
LAL	SAS	Fri, Feb 23, 2024	10:30p	2024	18997	123	118	2:12	regular
DET	ORL	Sat, Feb 24, 2024	8:00p	2024	19388	109	112	2:09	regular
NYK	BOS	Sat, Feb 24, 2024	8:30p	2024	19812	102	116	2:07	regular
MIN	BRK	Sat, Feb 24, 2024	9:00p	2024	18024	101	86	2:20	regular
PHI	MIL	Sun, Feb 25, 2024	1:00p	2024	19831	98	119	2:14	regular
PHO	LAL	Sun, Feb 25, 2024	3:30p	2024	17071	123	113	2:20	regular
IND	DAL	Sun, Feb 25, 2024	5:00p	2024	17274	133	111	2:05	regular
WAS	CLE	Sun, Feb 25, 2024	6:00p	2024	17895	105	114	2:14	regular
ATL	ORL	Sun, Feb 25, 2024	7:00p	2024	17173	109	92	2:06	regular
GSW	DEN	Sun, Feb 25, 2024	7:00p	2024	18064	103	119	2:21	regular
HOU	OKC	Sun, Feb 25, 2024	7:00p	2024	18055	110	123	2:11	regular
NOP	CHI	Sun, Feb 25, 2024	7:00p	2024	18684	106	114	2:05	regular
UTA	SAS	Sun, Feb 25, 2024	8:00p	2024	18206	128	109	2:13	regular
POR	CHO	Sun, Feb 25, 2024	9:00p	2024	17888	80	93	1:56	regular
LAC	SAC	Sun, Feb 25, 2024	9:30p	2024	19370	107	123	2:14	regular
IND	TOR	Mon, Feb 26, 2024	7:00p	2024	16026	122	130	2:19	regular
NYK	DET	Mon, Feb 26, 2024	7:30p	2024	19303	113	111	2:07	regular
MEM	BRK	Mon, Feb 26, 2024	8:00p	2024	15417	86	111	2:13	regular
SAC	MIA	Mon, Feb 26, 2024	10:00p	2024	17832	110	121	2:07	regular
CLE	DAL	Tue, Feb 27, 2024	7:00p	2024	19432	121	119	2:05	regular
ORL	BRK	Tue, Feb 27, 2024	7:00p	2024	17708	108	81	2:15	regular
WAS	GSW	Tue, Feb 27, 2024	7:00p	2024	20333	112	123	2:01	regular
ATL	UTA	Tue, Feb 27, 2024	7:30p	2024	17129	124	97	2:05	regular
BOS	PHI	Tue, Feb 27, 2024	7:30p	2024	19156	117	99	2:16	regular
NYK	NOP	Tue, Feb 27, 2024	7:30p	2024	19812	92	115	2:09	regular
CHI	DET	Tue, Feb 27, 2024	8:00p	2024	21089	95	105	2:05	regular
MIL	CHO	Tue, Feb 27, 2024	8:00p	2024	17607	123	85	2:00	regular
MIN	SAS	Tue, Feb 27, 2024	8:00p	2024	18024	114	105	1:59	regular
OKC	HOU	Tue, Feb 27, 2024	10:00p	2024	17164	112	95	2:16	regular
POR	MIA	Tue, Feb 27, 2024	10:00p	2024	18143	96	106	2:13	regular
IND	NOP	Wed, Feb 28, 2024	7:30p	2024	16010	123	114	2:16	regular
TOR	DAL	Wed, Feb 28, 2024	7:30p	2024	19800	125	136	2:09	regular
CHI	CLE	Wed, Feb 28, 2024	8:00p	2024	21700	132	123	2:43	regular
MIN	MEM	Wed, Feb 28, 2024	8:00p	2024	18024	110	101	2:16	regular
DEN	SAC	Wed, Feb 28, 2024	9:00p	2024	19628	117	96	2:04	regular
LAC	LAL	Wed, Feb 28, 2024	10:00p	2024	19370	112	116	2:16	regular
CHO	MIL	Thu, Feb 29, 2024	7:00p	2024	18463	99	111	2:10	regular
ORL	UTA	Thu, Feb 29, 2024	7:00p	2024	17848	115	107	2:15	regular
BRK	ATL	Thu, Feb 29, 2024	7:30p	2024	17284	124	97	2:05	regular
NYK	GSW	Thu, Feb 29, 2024	7:30p	2024	19812	99	110	2:18	regular
SAS	OKC	Thu, Feb 29, 2024	8:30p	2024	18392	132	118	2:10	regular
PHO	HOU	Thu, Feb 29, 2024	9:00p	2024	17071	110	105	2:26	regular
DEN	MIA	Thu, Feb 29, 2024	10:00p	2024	19634	103	97	2:30	regular
LAL	WAS	Thu, Feb 29, 2024	10:30p	2024	18997	134	131	2:22	regular
DET	CLE	Fri, Mar 1, 2024	7:00p	2024	19299	100	110	2:12	regular
PHI	CHO	Fri, Mar 1, 2024	7:00p	2024	19788	121	114	2:12	regular
BOS	DAL	Fri, Mar 1, 2024	7:30p	2024	19156	138	110	2:08	regular
TOR	GSW	Fri, Mar 1, 2024	7:30p	2024	19800	105	120	2:10	regular
MEM	POR	Fri, Mar 1, 2024	8:00p	2024	15493	92	122	2:08	regular
MIN	SAC	Fri, Mar 1, 2024	8:00p	2024	18024	120	124	2:37	regular
NOP	IND	Fri, Mar 1, 2024	8:00p	2024	17898	129	102	2:12	regular
CHI	MIL	Fri, Mar 1, 2024	10:00p	2024	21249	97	113	2:24	regular
LAC	WAS	Fri, Mar 1, 2024	10:30p	2024	19370	140	115	2:07	regular
BRK	ATL	Sat, Mar 2, 2024	3:00p	2024	18075	114	102	2:18	regular
MIA	UTA	Sat, Mar 2, 2024	5:00p	2024	19858	126	120	2:14	regular
MEM	POR	Sat, Mar 2, 2024	8:00p	2024	16381	100	107	2:37	regular
LAL	DEN	Sat, Mar 2, 2024	8:30p	2024	18997	114	124	2:02	regular
PHO	HOU	Sat, Mar 2, 2024	9:00p	2024	17071	109	118	2:34	regular
DAL	PHI	Sun, Mar 3, 2024	1:00p	2024	20277	116	120	2:25	regular
BOS	GSW	Sun, Mar 3, 2024	3:30p	2024	19156	140	88	2:07	regular
MIN	LAC	Sun, Mar 3, 2024	3:30p	2024	18024	88	89	2:13	regular
ORL	DET	Sun, Mar 3, 2024	6:00p	2024	19459	113	91	2:10	regular
TOR	CHO	Sun, Mar 3, 2024	6:00p	2024	19512	111	106	2:14	regular
CLE	NYK	Sun, Mar 3, 2024	7:00p	2024	19432	98	107	2:07	regular
SAS	IND	Sun, Mar 3, 2024	7:00p	2024	18027	117	105	2:15	regular
PHO	OKC	Sun, Mar 3, 2024	9:30p	2024	17071	110	118	2:21	regular
BRK	MEM	Mon, Mar 4, 2024	7:30p	2024	15847	102	106	2:28	regular
MIL	LAC	Mon, Mar 4, 2024	8:00p	2024	17875	113	106	2:13	regular
MIN	POR	Mon, Mar 4, 2024	8:00p	2024	18024	119	114	2:17	regular
UTA	WAS	Mon, Mar 4, 2024	9:00p	2024	18206	127	115	2:07	regular
SAC	CHI	Mon, Mar 4, 2024	10:00p	2024	17832	109	113	2:19	regular
LAL	OKC	Mon, Mar 4, 2024	10:30p	2024	18997	116	104	2:04	regular
CHO	ORL	Tue, Mar 5, 2024	7:00p	2024	15928	89	101	2:08	regular
BRK	PHI	Tue, Mar 5, 2024	7:30p	2024	17086	112	107	2:20	regular
CLE	BOS	Tue, Mar 5, 2024	7:30p	2024	19432	105	104	2:11	regular
MIA	DET	Tue, Mar 5, 2024	7:30p	2024	19724	118	110	2:10	regular
NYK	ATL	Tue, Mar 5, 2024	7:30p	2024	19812	100	116	2:07	regular
TOR	NOP	Tue, Mar 5, 2024	7:30p	2024	18864	98	139	2:00	regular
HOU	SAS	Tue, Mar 5, 2024	8:00p	2024	16734	114	101	2:06	regular
DAL	IND	Tue, Mar 5, 2024	8:30p	2024	20200	120	137	2:14	regular
DEN	PHO	Tue, Mar 5, 2024	10:00p	2024	19589	107	117	2:24	regular
WAS	ORL	Wed, Mar 6, 2024	7:00p	2024	16018	109	119	2:14	regular
ATL	CLE	Wed, Mar 6, 2024	7:30p	2024	15841	112	101	2:03	regular
HOU	LAC	Wed, Mar 6, 2024	7:30p	2024	17033	116	122	2:19	regular
PHI	MEM	Wed, Mar 6, 2024	7:30p	2024	19757	109	115	2:22	regular
UTA	CHI	Wed, Mar 6, 2024	9:00p	2024	18206	117	119	2:13	regular
GSW	MIL	Wed, Mar 6, 2024	10:00p	2024	18064	125	90	2:11	regular
POR	OKC	Wed, Mar 6, 2024	10:00p	2024	17589	120	128	2:24	regular
LAL	SAC	Wed, Mar 6, 2024	10:30p	2024	18498	120	130	2:16	regular
DET	BRK	Thu, Mar 7, 2024	7:00p	2024	19011	118	112	2:14	regular
IND	MIN	Thu, Mar 7, 2024	7:00p	2024	16580	111	113	2:23	regular
DAL	MIA	Thu, Mar 7, 2024	7:30p	2024	20221	114	108	2:23	regular
PHO	TOR	Thu, Mar 7, 2024	9:00p	2024	17071	120	113	2:16	regular
DEN	BOS	Thu, Mar 7, 2024	10:00p	2024	19855	115	109	2:24	regular
GSW	CHI	Thu, Mar 7, 2024	10:00p	2024	18064	122	125	2:17	regular
SAC	SAS	Thu, Mar 7, 2024	10:00p	2024	17968	131	129	2:16	regular
PHI	NOP	Fri, Mar 8, 2024	7:00p	2024	19777	95	103	2:15	regular
WAS	CHO	Fri, Mar 8, 2024	7:00p	2024	18778	112	100	2:07	regular
CLE	MIN	Fri, Mar 8, 2024	7:30p	2024	19432	113	104	2:49	regular
NYK	ORL	Fri, Mar 8, 2024	7:30p	2024	19812	98	74	2:03	regular
MEM	ATL	Fri, Mar 8, 2024	8:00p	2024	16667	92	99	2:12	regular
OKC	MIA	Fri, Mar 8, 2024	8:00p	2024	18203	107	100	2:07	regular
LAL	MIL	Fri, Mar 8, 2024	10:00p	2024	18997	123	122	2:20	regular
POR	HOU	Fri, Mar 8, 2024	10:00p	2024	18139	107	123	2:06	regular
LAC	CHI	Sat, Mar 9, 2024	4:00p	2024	19370	112	102	2:11	regular
CHO	BRK	Sat, Mar 9, 2024	7:00p	2024	19090	110	99	2:08	regular
DET	DAL	Sat, Mar 9, 2024	7:00p	2024	20062	124	142	2:17	regular
GSW	SAS	Sat, Mar 9, 2024	8:30p	2024	18064	113	126	2:24	regular
PHO	BOS	Sat, Mar 9, 2024	8:30p	2024	17071	107	117	2:12	regular
DEN	UTA	Sat, Mar 9, 2024	9:00p	2024	19632	142	121	2:12	regular
POR	TOR	Sat, Mar 9, 2024	10:00p	2024	18117	128	118	2:24	regular
LAC	MIL	Sun, Mar 10, 2024	3:00p	2024	19370	117	124	2:19	regular
ATL	NOP	Sun, Mar 10, 2024	6:00p	2024	17695	103	116	2:02	regular
MIA	WAS	Sun, Mar 10, 2024	6:00p	2024	19730	108	110	2:13	regular
ORL	IND	Sun, Mar 10, 2024	6:00p	2024	19481	97	111	2:19	regular
SAC	HOU	Sun, Mar 10, 2024	6:00p	2024	18022	104	112	2:18	regular
CLE	BRK	Sun, Mar 10, 2024	7:00p	2024	19432	101	120	2:05	regular
NYK	PHI	Sun, Mar 10, 2024	7:00p	2024	19812	73	79	2:18	regular
OKC	MEM	Sun, Mar 10, 2024	7:00p	2024	18203	124	93	2:01	regular
LAL	MIN	Sun, Mar 10, 2024	9:30p	2024	18997	120	109	2:15	regular
DET	CHO	Mon, Mar 11, 2024	7:00p	2024	18003	114	97	2:07	regular
CLE	PHO	Mon, Mar 11, 2024	7:30p	2024	19432	111	117	2:10	regular
CHI	DAL	Mon, Mar 11, 2024	8:00p	2024	21363	92	127	1:58	regular
SAS	GSW	Mon, Mar 11, 2024	8:00p	2024	18354	102	112	2:05	regular
DEN	TOR	Mon, Mar 11, 2024	9:00p	2024	19652	125	119	2:06	regular
POR	BOS	Mon, Mar 11, 2024	10:30p	2024	18480	99	121	1:53	regular
NYK	PHI	Tue, Mar 12, 2024	7:30p	2024	19812	106	79	2:11	regular
MEM	WAS	Tue, Mar 12, 2024	8:00p	2024	15291	109	97	2:04	regular
OKC	IND	Tue, Mar 12, 2024	8:00p	2024	17118	111	121	2:04	regular
SAS	HOU	Tue, Mar 12, 2024	8:30p	2024	18751	101	103	2:14	regular
UTA	BOS	Tue, Mar 12, 2024	9:00p	2024	18206	107	123	2:00	regular
LAC	MIN	Tue, Mar 12, 2024	10:00p	2024	19370	100	118	2:17	regular
SAC	MIL	Tue, Mar 12, 2024	10:00p	2024	17832	129	94	2:17	regular
DET	TOR	Wed, Mar 13, 2024	7:00p	2024	19313	113	104	2:18	regular
ORL	BRK	Wed, Mar 13, 2024	7:00p	2024	18846	114	106	2:19	regular
IND	CHI	Wed, Mar 13, 2024	7:30p	2024	17274	129	132	2:44	regular
MIA	DEN	Wed, Mar 13, 2024	7:30p	2024	19921	88	100	2:05	regular
MEM	CHO	Wed, Mar 13, 2024	8:00p	2024	16717	98	110	2:05	regular
NOP	CLE	Wed, Mar 13, 2024	8:00p	2024	17727	95	116	1:57	regular
DAL	GSW	Wed, Mar 13, 2024	8:30p	2024	20411	109	99	2:13	regular
POR	ATL	Wed, Mar 13, 2024	10:00p	2024	18064	106	102	2:11	regular
SAC	LAL	Wed, Mar 13, 2024	10:00p	2024	18332	120	107	2:14	regular
BOS	PHO	Thu, Mar 14, 2024	7:30p	2024	19156	127	112	2:02	regular
CHI	LAC	Thu, Mar 14, 2024	8:00p	2024	21219	111	126	2:00	regular
HOU	WAS	Thu, Mar 14, 2024	8:00p	2024	18055	135	119	2:05	regular
MIL	PHI	Thu, Mar 14, 2024	8:00p	2024	17635	114	105	2:15	regular
OKC	DAL	Thu, Mar 14, 2024	10:00p	2024	18203	126	119	2:27	regular
POR	NYK	Thu, Mar 14, 2024	10:00p	2024	17768	93	105	2:05	regular
CHO	PHO	Fri, Mar 15, 2024	7:00p	2024	18613	96	107	2:07	regular
DET	MIA	Fri, Mar 15, 2024	7:00p	2024	19894	95	108	2:01	regular
TOR	ORL	Fri, Mar 15, 2024	7:30p	2024	19800	103	113	2:14	regular
NOP	LAC	Fri, Mar 15, 2024	8:00p	2024	18865	112	104	2:09	regular
SAS	DEN	Fri, Mar 15, 2024	8:30p	2024	16223	106	117	2:07	regular
UTA	ATL	Fri, Mar 15, 2024	9:30p	2024	18206	124	122	2:12	regular
HOU	CLE	Sat, Mar 16, 2024	5:00p	2024	18055	117	103	2:01	regular
IND	BRK	Sat, Mar 16, 2024	7:00p	2024	17009	121	100	2:14	regular
NOP	POR	Sat, Mar 16, 2024	7:00p	2024	17725	126	107	2:09	regular
PHI	CHO	Sat, Mar 16, 2024	7:00p	2024	19957	109	98	2:15	regular
CHI	WAS	Sat, Mar 16, 2024	8:00p	2024	21697	127	98	2:17	regular
MEM	OKC	Sat, Mar 16, 2024	8:00p	2024	17012	112	118	2:18	regular
LAL	GSW	Sat, Mar 16, 2024	8:30p	2024	18997	121	128	2:25	regular
UTA	MIN	Sat, Mar 16, 2024	9:30p	2024	18206	100	119	2:08	regular
SAC	NYK	Sat, Mar 16, 2024	10:00p	2024	18311	91	98	2:21	regular
MIL	PHO	Sun, Mar 17, 2024	1:00p	2024	17783	140	129	2:10	regular
DET	MIA	Sun, Mar 17, 2024	3:00p	2024	20004	101	104	2:03	regular
DAL	DEN	Sun, Mar 17, 2024	3:30p	2024	20377	107	105	2:20	regular
ORL	TOR	Sun, Mar 17, 2024	6:00p	2024	18846	111	96	2:10	regular
WAS	BOS	Sun, Mar 17, 2024	6:00p	2024	20333	104	130	2:12	regular
SAS	BRK	Sun, Mar 17, 2024	7:00p	2024	16057	122	115	2:35	regular
LAC	ATL	Sun, Mar 17, 2024	9:30p	2024	19370	93	110	2:08	regular
IND	CLE	Mon, Mar 18, 2024	7:00p	2024	17274	103	108	2:17	regular
BOS	DET	Mon, Mar 18, 2024	7:30p	2024	19156	119	94	1:53	regular
PHI	MIA	Mon, Mar 18, 2024	7:30p	2024	19782	98	91	2:19	regular
CHI	POR	Mon, Mar 18, 2024	8:00p	2024	20293	110	107	2:19	regular
UTA	MIN	Mon, Mar 18, 2024	9:00p	2024	18206	104	114	2:02	regular
GSW	NYK	Mon, Mar 18, 2024	10:00p	2024	18064	112	119	2:18	regular
SAC	MEM	Mon, Mar 18, 2024	10:00p	2024	17832	121	111	2:44	regular
LAL	ATL	Mon, Mar 18, 2024	10:30p	2024	18997	136	105	1:57	regular
ORL	CHO	Tue, Mar 19, 2024	7:00p	2024	18846	112	92	2:01	regular
WAS	HOU	Tue, Mar 19, 2024	7:00p	2024	14137	114	137	2:11	regular
BRK	NOP	Tue, Mar 19, 2024	7:30p	2024	17732	91	104	2:05	regular
SAS	DAL	Tue, Mar 19, 2024	8:00p	2024	18354	107	113	2:13	regular
MIN	DEN	Tue, Mar 19, 2024	9:00p	2024	18024	112	115	2:12	regular
CLE	MIA	Wed, Mar 20, 2024	7:00p	2024	19432	104	107	2:14	regular
DET	IND	Wed, Mar 20, 2024	7:00p	2024	19897	103	122	2:09	regular
BOS	MIL	Wed, Mar 20, 2024	7:30p	2024	19156	122	119	2:24	regular
TOR	SAC	Wed, Mar 20, 2024	7:30p	2024	18641	89	123	2:05	regular
OKC	UTA	Wed, Mar 20, 2024	8:00p	2024	18203	119	107	2:15	regular
GSW	MEM	Wed, Mar 20, 2024	10:00p	2024	18064	137	116	2:12	regular
PHO	PHI	Wed, Mar 20, 2024	10:00p	2024	17071	115	102	2:05	regular
POR	LAC	Wed, Mar 20, 2024	10:00p	2024	17504	103	116	1:58	regular
ORL	NOP	Thu, Mar 21, 2024	7:00p	2024	17094	121	106	2:09	regular
WAS	SAC	Thu, Mar 21, 2024	7:00p	2024	14495	109	102	2:15	regular
HOU	CHI	Thu, Mar 21, 2024	8:00p	2024	17016	127	117	2:19	regular
MIL	BRK	Thu, Mar 21, 2024	8:00p	2024	17341	115	108	2:17	regular
DAL	UTA	Thu, Mar 21, 2024	8:30p	2024	20277	113	97	2:19	regular
DEN	NYK	Thu, Mar 21, 2024	9:00p	2024	19811	113	100	2:13	regular
PHO	ATL	Thu, Mar 21, 2024	10:30p	2024	17071	128	115	2:21	regular
DET	BOS	Fri, Mar 22, 2024	7:00p	2024	19994	102	129	1:59	regular
TOR	OKC	Fri, Mar 22, 2024	7:00p	2024	19601	103	123	2:01	regular
MIA	NOP	Fri, Mar 22, 2024	8:00p	2024	19727	88	111	1:57	regular
MIN	CLE	Fri, Mar 22, 2024	8:00p	2024	18024	104	91	2:02	regular
SAS	MEM	Fri, Mar 22, 2024	8:00p	2024	17408	97	99	2:20	regular
GSW	IND	Fri, Mar 22, 2024	10:00p	2024	18064	111	123	2:13	regular
POR	LAC	Fri, Mar 22, 2024	10:00p	2024	18660	117	125	2:05	regular
LAL	PHI	Fri, Mar 22, 2024	10:30p	2024	18997	101	94	2:18	regular
NYK	BRK	Sat, Mar 23, 2024	1:00p	2024	19812	105	93	2:00	regular
ORL	SAC	Sat, Mar 23, 2024	7:00p	2024	18307	107	109	2:18	regular
ATL	CHO	Sat, Mar 23, 2024	7:30p	2024	17900	132	91	1:59	regular
CHI	BOS	Sat, Mar 23, 2024	8:00p	2024	21198	113	124	2:00	regular
HOU	UTA	Sat, Mar 23, 2024	8:00p	2024	18055	147	119	2:10	regular
SAS	PHO	Sat, Mar 23, 2024	8:00p	2024	18354	106	131	1:59	regular
WAS	TOR	Sat, Mar 23, 2024	8:00p	2024	15746	112	109	2:20	regular
POR	DEN	Sat, Mar 23, 2024	10:00p	2024	18629	111	114	2:22	regular
DET	NOP	Sun, Mar 24, 2024	3:00p	2024	19922	101	114	2:08	regular
LAC	PHI	Sun, Mar 24, 2024	3:30p	2024	19370	107	121	2:01	regular
MIA	CLE	Sun, Mar 24, 2024	6:00p	2024	19645	121	84	2:06	regular
MIL	OKC	Sun, Mar 24, 2024	7:00p	2024	17877	118	93	2:08	regular
MIN	GSW	Sun, Mar 24, 2024	7:00p	2024	18024	114	110	2:19	regular
LAL	IND	Sun, Mar 24, 2024	10:00p	2024	18997	150	145	2:20	regular
CLE	CHO	Mon, Mar 25, 2024	7:00p	2024	19432	115	92	2:04	regular
ATL	BOS	Mon, Mar 25, 2024	7:30p	2024	17405	120	118	2:11	regular
NYK	DET	Mon, Mar 25, 2024	7:30p	2024	19812	124	99	2:11	regular
TOR	BRK	Mon, Mar 25, 2024	7:30p	2024	18376	88	96	2:07	regular
CHI	WAS	Mon, Mar 25, 2024	8:00p	2024	21726	105	107	2:19	regular
HOU	POR	Mon, Mar 25, 2024	8:00p	2024	16537	110	92	2:09	regular
SAS	PHO	Mon, Mar 25, 2024	8:00p	2024	18044	104	102	2:08	regular
DEN	MEM	Mon, Mar 25, 2024	9:00p	2024	19536	128	103	2:13	regular
UTA	DAL	Mon, Mar 25, 2024	9:00p	2024	18206	105	115	2:05	regular
SAC	PHI	Mon, Mar 25, 2024	10:00p	2024	17832	108	96	2:21	regular
LAC	IND	Mon, Mar 25, 2024	10:30p	2024	19370	116	133	2:06	regular
MIA	GSW	Tue, Mar 26, 2024	7:30p	2024	19813	92	113	2:10	regular
MIL	LAL	Tue, Mar 26, 2024	7:30p	2024	18085	124	128	3:04	regular
NOP	OKC	Tue, Mar 26, 2024	8:00p	2024	17436	112	119	2:10	regular
SAC	DAL	Tue, Mar 26, 2024	10:00p	2024	17832	96	132	2:10	regular
CHO	CLE	Wed, Mar 27, 2024	7:00p	2024	15303	118	111	2:10	regular
ORL	GSW	Wed, Mar 27, 2024	7:00p	2024	19210	93	101	2:11	regular
WAS	BRK	Wed, Mar 27, 2024	7:00p	2024	15159	119	122	2:23	regular
ATL	POR	Wed, Mar 27, 2024	7:30p	2024	16059	120	106	2:07	regular
PHI	LAC	Wed, Mar 27, 2024	7:30p	2024	21022	107	108	2:23	regular
TOR	NYK	Wed, Mar 27, 2024	7:30p	2024	19133	101	145	2:06	regular
CHI	IND	Wed, Mar 27, 2024	8:00p	2024	22018	125	99	2:12	regular
MEM	LAL	Wed, Mar 27, 2024	8:00p	2024	17794	124	136	2:16	regular
MIN	DET	Wed, Mar 27, 2024	8:00p	2024	18024	106	91	2:02	regular
OKC	HOU	Wed, Mar 27, 2024	8:00p	2024	17438	126	132	2:33	regular
UTA	SAS	Wed, Mar 27, 2024	9:00p	2024	18206	111	118	2:12	regular
DEN	PHO	Wed, Mar 27, 2024	10:00p	2024	19827	97	104	2:19	regular
ATL	BOS	Thu, Mar 28, 2024	7:30p	2024	17743	123	122	2:24	regular
NOP	MIL	Thu, Mar 28, 2024	8:00p	2024	17484	107	100	2:20	regular
CHO	GSW	Fri, Mar 29, 2024	7:00p	2024	19487	97	115	2:03	regular
IND	LAL	Fri, Mar 29, 2024	7:00p	2024	17274	109	90	2:06	regular
ORL	LAC	Fri, Mar 29, 2024	7:00p	2024	19452	97	100	2:10	regular
WAS	DET	Fri, Mar 29, 2024	7:00p	2024	15023	87	96	2:06	regular
BRK	CHI	Fri, Mar 29, 2024	7:30p	2024	17894	125	108	2:13	regular
CLE	PHI	Fri, Mar 29, 2024	7:30p	2024	19432	117	114	2:19	regular
MIA	POR	Fri, Mar 29, 2024	8:00p	2024	19839	142	82	1:58	regular
OKC	PHO	Fri, Mar 29, 2024	8:00p	2024	18203	128	103	2:10	regular
SAS	NYK	Fri, Mar 29, 2024	8:00p	2024	18604	130	126	2:37	regular
DEN	MIN	Fri, Mar 29, 2024	9:00p	2024	19844	98	111	2:14	regular
UTA	HOU	Fri, Mar 29, 2024	9:30p	2024	18206	100	101	2:12	regular
SAC	DAL	Fri, Mar 29, 2024	10:00p	2024	17832	103	107	2:13	regular
NOP	BOS	Sat, Mar 30, 2024	5:00p	2024	17932	92	104	2:01	regular
ORL	MEM	Sat, Mar 30, 2024	7:00p	2024	18009	118	88	2:06	regular
ATL	MIL	Sat, Mar 30, 2024	7:30p	2024	17700	113	122	2:26	regular
DEN	CLE	Sun, Mar 31, 2024	3:30p	2024	19621	130	101	2:07	regular
BRK	LAL	Sun, Mar 31, 2024	6:00p	2024	18162	104	116	2:08	regular
CHO	LAC	Sun, Mar 31, 2024	6:00p	2024	15941	118	130	2:12	regular
TOR	PHI	Sun, Mar 31, 2024	6:00p	2024	19114	120	135	2:09	regular
WAS	MIA	Sun, Mar 31, 2024	6:00p	2024	16039	107	119	2:11	regular
HOU	DAL	Sun, Mar 31, 2024	7:00p	2024	18055	107	125	1:58	regular
MIN	CHI	Sun, Mar 31, 2024	7:00p	2024	18024	101	109	2:07	regular
NYK	OKC	Sun, Mar 31, 2024	7:00p	2024	19812	112	113	2:33	regular
SAS	GSW	Sun, Mar 31, 2024	7:00p	2024	18718	113	117	2:10	regular
SAC	UTA	Sun, Mar 31, 2024	9:00p	2024	18332	127	106	2:13	regular
CHO	BOS	Mon, Apr 1, 2024	7:00p	2024	19238	104	118	1:54	regular
DET	MEM	Mon, Apr 1, 2024	7:00p	2024	19999	108	110	2:08	regular
IND	BRK	Mon, Apr 1, 2024	7:00p	2024	16522	133	111	2:20	regular
ORL	POR	Mon, Apr 1, 2024	7:00p	2024	19004	104	103	2:11	regular
CHI	ATL	Mon, Apr 1, 2024	8:00p	2024	21114	101	113	2:07	regular
NOP	PHO	Mon, Apr 1, 2024	8:00p	2024	17753	111	124	2:14	regular
TOR	LAL	Tue, Apr 2, 2024	7:00p	2024	19800	111	128	2:06	regular
WAS	MIL	Tue, Apr 2, 2024	7:00p	2024	16492	117	113	2:13	regular
MIA	NYK	Tue, Apr 2, 2024	7:30p	2024	19857	109	99	2:16	regular
PHI	OKC	Tue, Apr 2, 2024	7:30p	2024	20733	109	105	2:22	regular
MIN	HOU	Tue, Apr 2, 2024	8:00p	2024	18024	113	106	2:13	regular
DEN	SAS	Tue, Apr 2, 2024	9:00p	2024	19741	110	105	2:10	regular
UTA	CLE	Tue, Apr 2, 2024	9:00p	2024	18206	113	129	2:05	regular
GSW	DAL	Tue, Apr 2, 2024	10:00p	2024	18064	104	100	2:20	regular
SAC	LAC	Tue, Apr 2, 2024	10:00p	2024	17832	109	95	2:12	regular
CHO	POR	Wed, Apr 3, 2024	7:00p	2024	14209	86	89	2:06	regular
WAS	LAL	Wed, Apr 3, 2024	7:00p	2024	20333	120	125	2:14	regular
ATL	DET	Wed, Apr 3, 2024	7:30p	2024	17899	121	113	2:07	regular
BOS	OKC	Wed, Apr 3, 2024	7:30p	2024	19156	135	100	2:14	regular
BRK	IND	Wed, Apr 3, 2024	7:30p	2024	17732	115	111	2:15	regular
MIL	MEM	Wed, Apr 3, 2024	8:00p	2024	17420	101	111	2:05	regular
MIN	TOR	Wed, Apr 3, 2024	8:00p	2024	18024	133	85	2:00	regular
NOP	ORL	Wed, Apr 3, 2024	8:00p	2024	16427	108	117	2:16	regular
PHO	CLE	Wed, Apr 3, 2024	10:00p	2024	17071	122	101	2:14	regular
DAL	ATL	Thu, Apr 4, 2024	7:30p	2024	20211	109	95	2:09	regular
MIA	PHI	Thu, Apr 4, 2024	7:30p	2024	19719	105	109	2:07	regular
NYK	SAC	Thu, Apr 4, 2024	7:30p	2024	19812	120	109	2:28	regular
HOU	GSW	Thu, Apr 4, 2024	8:00p	2024	18055	110	133	2:13	regular
LAC	DEN	Thu, Apr 4, 2024	10:00p	2024	19370	102	100	2:33	regular
CHO	ORL	Fri, Apr 5, 2024	7:00p	2024	16374	124	115	2:13	regular
IND	OKC	Fri, Apr 5, 2024	7:00p	2024	17274	126	112	2:12	regular
WAS	POR	Fri, Apr 5, 2024	7:00p	2024	18079	102	108	2:16	regular
BOS	SAC	Fri, Apr 5, 2024	7:30p	2024	19156	101	100	2:03	regular
CHI	NYK	Fri, Apr 5, 2024	8:00p	2024	21599	108	100	2:17	regular
HOU	MIA	Fri, Apr 5, 2024	8:00p	2024	18055	104	119	2:03	regular
MEM	DET	Fri, Apr 5, 2024	8:00p	2024	16745	108	90	2:01	regular
MIL	TOR	Fri, Apr 5, 2024	8:00p	2024	17750	111	117	2:21	regular
NOP	SAS	Fri, Apr 5, 2024	8:00p	2024	17422	109	111	2:01	regular
DAL	GSW	Fri, Apr 5, 2024	8:30p	2024	20425	108	106	2:21	regular
PHO	MIN	Fri, Apr 5, 2024	10:00p	2024	17071	97	87	2:08	regular
LAC	UTA	Fri, Apr 5, 2024	10:30p	2024	19370	131	102	2:04	regular
LAL	CLE	Sat, Apr 6, 2024	3:30p	2024	18997	116	97	2:04	regular
BRK	DET	Sat, Apr 6, 2024	7:00p	2024	17732	113	103	2:07	regular
MEM	PHI	Sat, Apr 6, 2024	8:00p	2024	17794	96	116	2:15	regular
DEN	ATL	Sat, Apr 6, 2024	9:00p	2024	19639	142	110	2:10	regular
DAL	HOU	Sun, Apr 7, 2024	3:30p	2024	20317	147	136	2:48	regular
LAC	CLE	Sun, Apr 7, 2024	3:30p	2024	19370	120	118	2:19	regular
IND	MIA	Sun, Apr 7, 2024	5:00p	2024	17274	117	115	2:28	regular
BOS	POR	Sun, Apr 7, 2024	6:00p	2024	19156	124	107	1:51	regular
CHO	OKC	Sun, Apr 7, 2024	6:00p	2024	16556	118	121	2:12	regular
ORL	CHI	Sun, Apr 7, 2024	6:00p	2024	19276	113	98	2:11	regular
PHO	NOP	Sun, Apr 7, 2024	6:00p	2024	17071	105	113	2:13	regular
TOR	WAS	Sun, Apr 7, 2024	6:00p	2024	19502	130	122	2:23	regular
MIL	NYK	Sun, Apr 7, 2024	7:00p	2024	17536	109	122	2:15	regular
SAS	PHI	Sun, Apr 7, 2024	7:00p	2024	18046	126	133	2:52	regular
BRK	SAC	Sun, Apr 7, 2024	7:30p	2024	17732	77	107	2:06	regular
GSW	UTA	Sun, Apr 7, 2024	8:30p	2024	18064	118	110	2:07	regular
LAL	MIN	Sun, Apr 7, 2024	10:00p	2024	18997	117	127	2:05	regular
CHO	DAL	Tue, Apr 9, 2024	7:00p	2024	17425	104	130	2:01	regular
PHI	DET	Tue, Apr 9, 2024	7:00p	2024	19796	120	102	2:15	regular
TOR	IND	Tue, Apr 9, 2024	7:00p	2024	19325	123	140	2:17	regular
ATL	MIA	Tue, Apr 9, 2024	7:30p	2024	17049	111	117	2:35	regular
MIL	BOS	Tue, Apr 9, 2024	7:30p	2024	17493	104	91	1:57	regular
CHI	NYK	Tue, Apr 9, 2024	8:00p	2024	21648	117	128	2:12	regular
HOU	ORL	Tue, Apr 9, 2024	8:00p	2024	18055	118	106	2:11	regular
MEM	SAS	Tue, Apr 9, 2024	8:00p	2024	16108	87	102	1:55	regular
MIN	WAS	Tue, Apr 9, 2024	8:00p	2024	18024	130	121	2:12	regular
OKC	SAC	Tue, Apr 9, 2024	8:00p	2024	17509	112	105	2:17	regular
UTA	DEN	Tue, Apr 9, 2024	9:00p	2024	18206	95	111	1:58	regular
LAL	GSW	Tue, Apr 9, 2024	10:00p	2024	18997	120	134	2:15	regular
PHO	LAC	Tue, Apr 9, 2024	10:00p	2024	17071	92	105	2:11	regular
POR	NOP	Tue, Apr 9, 2024	10:00p	2024	18341	100	110	2:01	regular
CLE	MEM	Wed, Apr 10, 2024	7:00p	2024	19432	110	98	2:10	regular
ATL	CHO	Wed, Apr 10, 2024	7:30p	2024	16158	114	115	2:09	regular
BRK	TOR	Wed, Apr 10, 2024	7:30p	2024	17732	106	102	2:20	regular
MIA	DAL	Wed, Apr 10, 2024	7:30p	2024	19660	92	111	2:10	regular
MIL	ORL	Wed, Apr 10, 2024	8:00p	2024	17563	117	99	2:12	regular
OKC	SAS	Wed, Apr 10, 2024	8:00p	2024	17229	127	89	1:57	regular
DEN	MIN	Wed, Apr 10, 2024	10:00p	2024	19845	116	107	2:21	regular
LAC	PHO	Wed, Apr 10, 2024	10:30p	2024	19370	108	124	2:02	regular
DET	CHI	Thu, Apr 11, 2024	7:00p	2024	20013	105	127	2:03	regular
BOS	NYK	Thu, Apr 11, 2024	7:30p	2024	19156	109	118	2:04	regular
UTA	HOU	Thu, Apr 11, 2024	9:00p	2024	18206	124	121	2:18	regular
POR	GSW	Thu, Apr 11, 2024	10:00p	2024	19335	92	100	2:04	regular
SAC	NOP	Thu, Apr 11, 2024	10:00p	2024	17832	123	135	2:17	regular
PHI	ORL	Fri, Apr 12, 2024	7:00p	2024	20149	125	113	2:21	regular
WAS	CHI	Fri, Apr 12, 2024	7:00p	2024	20333	127	129	2:20	regular
BOS	CHO	Fri, Apr 12, 2024	7:30p	2024	19156	131	98	1:56	regular
CLE	IND	Fri, Apr 12, 2024	7:30p	2024	19432	129	120	2:11	regular
NYK	BRK	Fri, Apr 12, 2024	7:30p	2024	19812	111	107	2:15	regular
MEM	LAL	Fri, Apr 12, 2024	8:00p	2024	17794	120	123	2:20	regular
MIA	TOR	Fri, Apr 12, 2024	8:00p	2024	19600	125	103	2:07	regular
MIN	ATL	Fri, Apr 12, 2024	8:00p	2024	18024	109	106	2:22	regular
OKC	MIL	Fri, Apr 12, 2024	8:00p	2024	18203	125	107	2:06	regular
SAS	DEN	Fri, Apr 12, 2024	8:00p	2024	18665	121	120	2:07	regular
DAL	DET	Fri, Apr 12, 2024	8:30p	2024	20274	89	107	1:55	regular
GSW	NOP	Fri, Apr 12, 2024	10:00p	2024	18064	109	114	2:13	regular
POR	HOU	Fri, Apr 12, 2024	10:00p	2024	18630	107	116	2:07	regular
LAC	UTA	Fri, Apr 12, 2024	10:30p	2024	19370	109	110	2:07	regular
SAC	PHO	Fri, Apr 12, 2024	10:30p	2024	17832	107	108	2:16	regular
BOS	WAS	Sun, Apr 14, 2024	1:00p	2024	19156	132	122	2:01	regular
CLE	CHO	Sun, Apr 14, 2024	1:00p	2024	19432	110	120	1:48	regular
IND	ATL	Sun, Apr 14, 2024	1:00p	2024	17274	157	115	2:04	regular
MIA	TOR	Sun, Apr 14, 2024	1:00p	2024	19600	118	103	2:06	regular
NYK	CHI	Sun, Apr 14, 2024	1:00p	2024	19812	120	119	2:35	regular
ORL	MIL	Sun, Apr 14, 2024	1:00p	2024	18846	113	88	2:08	regular
PHI	BRK	Sun, Apr 14, 2024	1:00p	2024	20246	107	86	2:01	regular
GSW	UTA	Sun, Apr 14, 2024	3:30p	2024	18064	123	116	2:04	regular
LAC	HOU	Sun, Apr 14, 2024	3:30p	2024	19370	105	116	1:55	regular
MEM	DEN	Sun, Apr 14, 2024	3:30p	2024	17544	111	126	2:09	regular
MIN	PHO	Sun, Apr 14, 2024	3:30p	2024	18024	106	125	2:11	regular
NOP	LAL	Sun, Apr 14, 2024	3:30p	2024	18633	108	124	2:16	regular
OKC	DAL	Sun, Apr 14, 2024	3:30p	2024	18203	135	86	1:56	regular
SAC	POR	Sun, Apr 14, 2024	3:30p	2024	18037	121	82	2:06	regular
SAS	DET	Sun, Apr 14, 2024	3:30p	2024	18516	123	95	1:54	regular
NOP	LAL	Tue, Apr 16, 2024	7:30p	2024	18591	106	110	2:33	play_in
SAC	GSW	Tue, Apr 16, 2024	10:00p	2024	18304	118	94	2:21	play_in
PHI	MIA	Wed, Apr 17, 2024	7:00p	2024	19788	105	104	2:29	play_in
CHI	ATL	Wed, Apr 17, 2024	9:30p	2024	21627	131	116	2:16	play_in
MIA	CHI	Fri, Apr 19, 2024	7:00p	2024	19600	112	91	2:09	play_in
NOP	SAC	Fri, Apr 19, 2024	9:30p	2024	18656	105	98	2:22	play_in
CLE	ORL	Sat, Apr 20, 2024	1:00p	2024	19432	97	83	2:32	first_round
MIN	PHO	Sat, Apr 20, 2024	3:30p	2024	19478	120	95	2:35	first_round
NYK	PHI	Sat, Apr 20, 2024	6:00p	2024	19812	111	104	2:30	first_round
DEN	LAL	Sat, Apr 20, 2024	8:30p	2024	19731	114	103	2:11	first_round
BOS	MIA	Sun, Apr 21, 2024	1:00p	2024	19156	114	94	2:09	first_round
LAC	DAL	Sun, Apr 21, 2024	3:30p	2024	19370	109	97	2:22	first_round
MIL	IND	Sun, Apr 21, 2024	7:00p	2024	17341	109	94	2:17	first_round
OKC	NOP	Sun, Apr 21, 2024	9:30p	2024	18203	94	92	2:21	first_round
CLE	ORL	Mon, Apr 22, 2024	7:00p	2024	19432	96	86	2:31	first_round
NYK	PHI	Mon, Apr 22, 2024	7:30p	2024	19812	104	101	2:35	first_round
DEN	LAL	Mon, Apr 22, 2024	10:00p	2024	19711	101	99	2:19	first_round
MIN	PHO	Tue, Apr 23, 2024	7:30p	2024	19310	105	93	2:32	first_round
MIL	IND	Tue, Apr 23, 2024	8:30p	2024	17683	108	125	2:21	first_round
LAC	DAL	Tue, Apr 23, 2024	10:00p	2024	19370	93	96	2:35	first_round
BOS	MIA	Wed, Apr 24, 2024	7:00p	2024	19156	101	111	2:19	first_round
OKC	NOP	Wed, Apr 24, 2024	9:30p	2024	18203	124	92	2:18	first_round
ORL	CLE	Thu, Apr 25, 2024	7:00p	2024	18846	121	83	2:10	first_round
PHI	NYK	Thu, Apr 25, 2024	7:30p	2024	21116	125	114	2:36	first_round
LAL	DEN	Thu, Apr 25, 2024	10:00p	2024	18997	105	112	2:18	first_round
IND	MIL	Fri, Apr 26, 2024	5:30p	2024	17274	121	118	2:50	first_round
DAL	LAC	Fri, Apr 26, 2024	8:00p	2024	20402	101	90	2:28	first_round
PHO	MIN	Fri, Apr 26, 2024	10:30p	2024	17071	109	126	2:34	first_round
ORL	CLE	Sat, Apr 27, 2024	1:00p	2024	18933	112	89	2:20	first_round
NOP	OKC	Sat, Apr 27, 2024	3:30p	2024	18659	85	106	2:17	first_round
MIA	BOS	Sat, Apr 27, 2024	6:00p	2024	20092	84	104	2:11	first_round
LAL	DEN	Sat, Apr 27, 2024	8:30p	2024	18997	119	108	2:19	first_round
PHI	NYK	Sun, Apr 28, 2024	1:00p	2024	21048	92	97	2:41	first_round
DAL	LAC	Sun, Apr 28, 2024	3:30p	2024	20411	111	116	2:36	first_round
IND	MIL	Sun, Apr 28, 2024	7:00p	2024	17274	126	113	2:25	first_round
PHO	MIN	Sun, Apr 28, 2024	9:30p	2024	17071	116	122	2:48	first_round
MIA	BOS	Mon, Apr 29, 2024	7:30p	2024	19600	88	102	2:20	first_round
NOP	OKC	Mon, Apr 29, 2024	8:30p	2024	18487	89	97	2:24	first_round
DEN	LAL	Mon, Apr 29, 2024	10:00p	2024	19861	108	106	2:19	first_round
NYK	PHI	Tue, Apr 30, 2024	7:00p	2024	19812	106	112	2:49	first_round
CLE	ORL	Tue, Apr 30, 2024	8:00p	2024	19432	104	103	2:31	first_round
MIL	IND	Tue, Apr 30, 2024	9:30p	2024	17341	115	92	2:25	first_round
BOS	MIA	Wed, May 1, 2024	7:30p	2024	19156	118	84	2:11	first_round
LAC	DAL	Wed, May 1, 2024	10:00p	2024	19370	93	123	2:16	first_round
IND	MIL	Thu, May 2, 2024	6:30p	2024	17274	120	98	2:27	first_round
PHI	NYK	Thu, May 2, 2024	9:00p	2024	21093	115	118	2:37	first_round
ORL	CLE	Fri, May 3, 2024	7:00p	2024	19193	103	96	2:28	first_round
DAL	LAC	Fri, May 3, 2024	9:30p	2024	20625	114	101	2:35	first_round
DEN	MIN	Sat, May 4, 2024	7:00p	2024	19915	99	106	2:18	conf_semi
CLE	ORL	Sun, May 5, 2024	1:00p	2024	19432	106	94	2:37	first_round
NYK	IND	Mon, May 6, 2024	7:30p	2024	19812	121	117	2:30	conf_semi
DEN	MIN	Mon, May 6, 2024	10:00p	2024	19942	80	106	2:19	conf_semi
BOS	CLE	Tue, May 7, 2024	7:00p	2024	19156	120	95	2:09	conf_semi
OKC	DAL	Tue, May 7, 2024	9:30p	2024	18203	117	95	2:23	conf_semi
NYK	IND	Wed, May 8, 2024	8:00p	2024	19812	130	121	2:22	conf_semi
BOS	CLE	Thu, May 9, 2024	7:00p	2024	19156	94	118	2:14	conf_semi
OKC	DAL	Thu, May 9, 2024	9:30p	2024	18203	110	119	2:27	conf_semi
IND	NYK	Fri, May 10, 2024	7:00p	2024	17274	111	106	2:27	conf_semi
MIN	DEN	Fri, May 10, 2024	9:30p	2024	19733	90	117	2:30	conf_semi
DAL	OKC	Sat, May 11, 2024	3:30p	2024	20325	105	101	2:25	conf_semi
CLE	BOS	Sat, May 11, 2024	8:30p	2024	19432	93	106	2:11	conf_semi
IND	NYK	Sun, May 12, 2024	3:30p	2024	17274	121	89	2:15	conf_semi
MIN	DEN	Sun, May 12, 2024	8:00p	2024	19583	107	115	2:23	conf_semi
CLE	BOS	Mon, May 13, 2024	7:00p	2024	19432	102	109	2:22	conf_semi
DAL	OKC	Mon, May 13, 2024	9:30p	2024	20607	96	100	2:39	conf_semi
NYK	IND	Tue, May 14, 2024	8:00p	2024	19812	121	91	2:36	conf_semi
DEN	MIN	Tue, May 14, 2024	10:30p	2024	19992	112	97	2:22	conf_semi
BOS	CLE	Wed, May 15, 2024	7:00p	2024	19156	113	98	2:14	conf_semi
OKC	DAL	Wed, May 15, 2024	9:30p	2024	18203	92	104	2:12	conf_semi
MIN	DEN	Thu, May 16, 2024	8:30p	2024	19187	115	70	2:12	conf_semi
IND	NYK	Fri, May 17, 2024	8:30p	2024	17274	116	103	2:21	conf_semi
DAL	OKC	Sat, May 18, 2024	8:00p	2024	20555	117	116	2:26	conf_semi
NYK	IND	Sun, May 19, 2024	3:30p	2024	19812	109	130	2:23	conf_semi
DEN	MIN	Sun, May 19, 2024	8:00p	2024	20022	90	98	2:25	conf_semi
BOS	IND	Tue, May 21, 2024	8:00p	2024	19156	133	128	2:46	conf_final
MIN	DAL	Wed, May 22, 2024	8:30p	2024	19433	105	108	2:26	conf_final
BOS	IND	Thu, May 23, 2024	8:00p	2024	19156	126	110	2:21	conf_final
MIN	DAL	Fri, May 24, 2024	8:30p	2024	19636	108	109	2:29	conf_final
IND	BOS	Sat, May 25, 2024	8:30p	2024	17274	111	114	2:25	conf_final
DAL	MIN	Sun, May 26, 2024	8:00p	2024	20511	116	107	2:31	conf_final
IND	BOS	Mon, May 27, 2024	8:00p	2024	17274	102	105	2:22	conf_final
DAL	MIN	Tue, May 28, 2024	8:30p	2024	20477	100	105	2:35	conf_final
MIN	DAL	Thu, May 30, 2024	8:30p	2024	19333	103	124	2:21	conf_final
BOS	DAL	Thu, Jun 6, 2024	8:30p	2024	19156	107	89	2:12	final
BOS	DAL	Sun, Jun 9, 2024	8:00p	2024	19156	105	98	2:18	final
DAL	BOS	Wed, Jun 12, 2024	8:30p	2024	20311	99	106	2:21	final
DAL	BOS	Fri, Jun 14, 2024	8:30p	2024	20277	122	84	2:22	final
BOS	DAL	Mon, Jun 17, 2024	8:30p	2024	19156	106	88	2:21	final
